一丘之貉,9195
一举一动,9154
一唱三叹,9816
一声不吭,9848
一息尚存,10223
一无可取,10189
一无所长,10189
一望无际,10048
一清二白,10275
一知半解,9898
一笔勾销,10179
一箭双雕,9493
一线生机,10223
一经,10083
一网打尽,10266
一衣带水,8537
一表人才,9793
一表非凡,9793
一面之词,8638
七拼八凑,10347
万无一失,9273
万里长征,10104
丈人,9292
丈量,10251
三五成群,8945
三人成虎,10273
三长两短,9326
上下其手,9619
上任,10358
上古,8759
上帝,9127
上当,9282
上昼,9579
下属,9481
下昼,10132
下棋,8690
下狱,10209
下车伊始,9873
不亦乐乎,8872
不仅,8988
不但,8988
不偏不倚,8606
不出所料,10277
不可多得,9877
不可开交,8872
不可逾越,8775
不在话下,10275
不应,9033
不得人心,9478
不惜,9627
不打不成相识,8820
不打自招,10301
不时之须,8877
不毛之地,9782
不求甚解,9898
不然,9245
不甘后人,9873
不甘寂寞,9873
不白之冤,8555
不知不觉,9821
不胜,8849
不自量力,9898
不言而喻,10275
不谋而合,8875
不远万里,8737
丑恶,9069
世态炎凉,9165
东主,9960
东挪西借,10347
东洋,9860
东窗事发,10301
东道主人,9101
丢脸,9069
严冬,10295
严刑,10356
严刑峻法,9239
严办,8851
严处,8851
丧心病狂,10254
丧服,9705
个中,9959
个人主义,9941
中人,9893
中兴,9382
中原,8895
中庸,8682
中文,9686
中选,9806
丰富多采,10048
临崖勒马,10105
临摹,10083
临河羡鱼,9696
为何,10117
主干,8887
主脉,8970
丽人,9030
举世闻名,10275
举事,9583
举目无亲,8742
义士,9096
义愤填膺,8566
乐土,8694
乐滋滋,10002
乐趣,8981
乘客,10016
乘车,8950
乞哀告怜,8862
乞求,10152
习惯,9250
习见,9566
乡人,9341
乡信,9794
乡镇,9701
乡音,9922
书房,8626
书本,9849
书柜,9213
书页,9567
买通,9565
乱哄哄,9276
事先,9906
于是,10141
亏本,9732
云端,8585
云表,8585
云霄,8585
互市,9754
五内如焚,10291
五湖四海,9970
井水不犯河水,10319
亡命之徒,9184
交头接耳,9071
交心,8666
交班,9078
交谈,10327
交际,9576
产业,10370
享乐,10198
亲如手足,9631
亲朋,8860
亲身,8757
人丁,9439
人世,10014
人人,10034
人去楼空,8922
人寿年丰,9351
人情,8731
人情世故,9165
人情冷暖,9165
人所共知,10275
人民,10334
人烟,8789
人缘,9121
人财两空,8746
人间,10014
什物,9392
仆仆风尘,8737
仆役,8881
仇人,9105
仇家,9105
今日,10123
今是昔非,9720
今朝,10214
仍是,10083
从军,9790
从善如流,9889
仕途,9766
他山之石,9473
仙风道骨,8861
以儆效尤,9931
以前,10053
以柔克刚,9175
以致,9865
以讹传讹,10273
以还,10090
以退为进,9175
以防万一,9619
任人唯贤,8586
任凭,10310
任怨任劳,8754
仿制,10083
伉俪,10050
伏法,9290
伐柯人,8610
休假,8856
众寡不敌,9507
众寡悬殊,9507
众目昭彰,10275
众目睽睽,10275
优待,9042
伙计,8542
会计,9813
会谈,9519
会餐,10261
伟人,10241
传宗接代,9460
传记,8965
传达,9464
传递,9464
伤天害理,10254
伪装,9664
伫立,8994
伴侣,10133
伴随,9074
伺候,10290
伺机,8567
佃户,9380
低头,9244
低潮,9059
低谷,9059
住处,8924
体无完肤,9311
体裁,9748
体贴入微,8803
体魄,9295
何处,10238
何如,10102
何等,8596
佛教,10220
佛门,9217
作声,9412
作家,10284
作甚,10248
作者,10284
作贼心虚,9670
佞臣,8944
佣人,8881
佳偶,10050
佳话,9449
使臣,9340
供养,10290
供给,9129
依依不舍,8530
依流平进,9537
侮慢,9497
便捷,9928
便是,8568
便服,9133
俚语,10023
保举,9968
保镖,10250
信号,10125
信息,10206
俯视,10335
倚势凌人,9619
倚强凌弱,9619
借势,8810
借单,9118
借故,9048
借端,9048
借约,9118
借鉴,10083
倾听,8635
倾注,9750
倾销,8753
假名,10289
假如,9942
假意,9664
假若,9942
假话,10070
偏心,9203
偏爱,9203
偏私,9246
偏颇,9246
偕行,8659
做官,9265
偷安,9262
偷梁换柱,8749
偿还,9301
像片,9496
僧人,9038
僧多粥少,8927
儿女,8604
元气,9955
充公,10282
充当,10259
先人后己,9407
先驱,9057
光前裕后,9722
光怪陆离,10048
光棍,9111
党羽,8779
兜售,9325
入不敷出,9782
入口,9949
入彀,9882
入耳,8704
入院,9831
全军,8901
全家,9502
全球,9936
八棍子撂不着,9415
公函,10082
公判,9204
公子,8891
公审,9204
公家,10034
公愤,9915
公牍,10082
公理,10171
公馆,9373
六合,10103
关口,8857
关隘,8857
兴兵,9636
兴废,9000
兴建,9930
兵士,9783
其后,9905
其时,9445
典籍,9395
养娘,9855
养晦韬光,9393
养活,10290
养痾,8949
养虎遗患,10072
兼收并蓄,8899
内务,9881
内在,9142
内地,10182
内政,9881
内行,10034
再行,8740
再起,9382
再造,9602
冒充,9664
冒昧,8519
冒死,9440
写真,8790
军器,10177
军种,9948
军舰,10035
军队,9707
农夫,10349
农家,10158
农村,10207
冬风,9281
冲克,10218
冲撞,10218
决斗,10203
冷冰冰,10187
冷天,9894
冷汗,9321
准时,10059
凉快,9990
凉风,9784
凌晨,9692
减色,9770
减速,10180
凑数,9604
几何,8573
几多,8573
凡人,8600
凡夫俗子,9438
凤毛麟角,9877
凶人,9523
凶徒,9523
凶服,9705
凸显,8794
出事,9974
出入,9656
出发,9814
出售,9090
出声,9412
出师,9636
出洋,8624
出类拔萃,8622
出路,8588
出门,9643
刀兵,10177
分泌,9167
分派,9614
切口,8636
切记,9200
刊行,8869
列传,8965
列位,9665
创巨痛深,9483
初一,10305
初学,9206
初春,9291
初次,9151
删除,9196
刨根问底,8935
别出心裁,9917
别号,9596
刮风,9554
到手,8799
刺耳,8809
刻下,10214
刻日,10123
削发,10093
前世,9210
前功尽弃,9898
前哨,9359
前景,8588
前生,9210
前车可鉴,9473
前途,8588
剥夺,8960
剧本,9897
割断,8649
剿除,9110
力争,9950
力争上游,9873
功亏一篑,9898
功令,9920
功课,10006
加官晋爵,9873
加重,9032
动脉,8970
动身,9814
动静,10206
劲敌,9962
劳苦功高,10027
势不两立,9180
募集,9796
勤勤恳恳,8754
包办,8941
包办代替,9683
化名,10289
化险为夷,9320
北斗,8798
北风,9281
匡正,8526
匹夫,10334
医生,9857
千叮万嘱,8658
千夫所指,9634
千奇百怪,10048
千娇百媚,10256
千山万水,10104
千疮百孔,9798
千般,9428
千载一时,10058
千辛万苦,9369
升级,8494
升起,9511
午夜,9871
午时,9758
半夜,9871
半夜三更,9130
半途,8696
半途而废,9898
华夏,8895
卑躬屈膝,8862
卒业,9617
单元,10097
单据,10297
单枪匹马,8742
卖国,10088
卖国求荣,8862
博学多才,9699
卫士,10250
印子钱,9324
印迹,10024
卵白,9004
历史,9164
厚待,9042
原意,9364
原理,8981
原稿,9743
厮混,9647
及早,9109
友人,10133
双方,9989
反应,10371
反璧,9301
发人深思,9500
发射,8917
发烧,8712
发热,8712
发狂,10011
发誓,9454
取信,9655
取长补短,8921
受贿,9967
变化莫测,8745
叙旧,9248
古今中外,9590
古往今来,9590
古玩,9488
古董,9488
另外,10240
另起炉灶,9917
叨唠,8929
叩首,10163
只消,10306
叫苦不迭,10092
叫苦连天,10092
可恶,8986
可憎,8986
叶落归根,10302
吁请,10152
吃醋,8904
吃饭,8778
各位,9665
各取所需,10195
各得其所,10195
各种,9428
各色各样,10048
合算,9086
吉事,9628
吊挂,8741
吊水,9218
吊祭,8898
吊问,8898
吊颈,9238
同业,8659
同伙,10133
同伴,10133
同侪,8527
同僚,9066
同党,8779
同志,10222
同窗,9988
同行,8659
同谋,10030
同道,10222
名人,8805
名列前茅,8622
名胜,10100
名闻遐迩,10275
后援,8631
后来居上,9202
后裔,8604
后记,9128
吐花,8591
向日,10053
否定,9385
否极泰来,10332
否认,9385
含义,9837
含冤负屈,8555
含辛茹苦,9369
含饴弄孙,9755
听话,9443
吵架,9296
吸烟,9230
吹法螺,8840
吹牛,8840
告密,9463
呕吐,8506
周游,10155
呱呱堕地,8647
和平共处,9755
和睦相处,9755
和颜悦色,9593
哪里,10238
唇红齿白,8828
唉声叹气,10092
唠叨,8929
唾手可得,9273
商人,9591
商号,8885
商店,8885
商铺,8885
啜泣,9874
啰嗦,8929
啼哭,9874
喃喃自语,9791
善事,10280
喘息,9606
喜报,9628
喜洋洋,10002
嗷嗷待哺,8808
嘉会,8804
嘉话,9449
器量,9879
噩梦,8821
囚徒,9475
囚系,10210
囚首垢面,9623
四季,9616
四序,9616
回信,8913
回响,10371
回声,10371
回复,9382
回答,9382
因而,10141
团鱼,9126
围巾,9612
固然,9942
国土,9976
国学,9139
国粹,9139
国都,9349
圈套,10190
土壤,8654
土气,8836
土话,9922
圣人,10241
在世,9835
地广人稀,9878
地府,10303
地理,10112
地皮,10361
地盘,10361
地舆,10112
均派,9424
均衡,10012
坏话,10070
坐法,9824
坐蓐,10057
坐车,8950
坑蒙拐骗,8553
坚苦卓绝,9369
坟场,9138
坟墓,8911
坦克车,8496
垂头丧气,10092
垫脚石,9024
堂而皇之,9749
堆栈,9890
堕泪,9874
堵截,8649
填充,8839
墓地,9138
墨客,9468
壮年,9053
壮志,9830
声名狼藉,9495
声威,8583
声泪俱下,9483
声誉鹊起,8517
复习,9654
复书,8913
复生,9602
夏历,9926
夏季,8834
夏日,8834
外交,9576
外出,9643
外埠,10276
外套,8714
外子,10094
外文,9236
外洋,9853
外路,10276
夙兴,8590
夙夜,9201
多么,8596
夜深,9871
夜阑人静,9130
大书特书,10043
大亨,9644
大人,9122
大动干戈,8997
大北,10031
大吃一惊,8575
大名鼎鼎,10275
大家,10034
大将,8581
大张挞伐,8938
大打出手,8997
大海捞针,9370
大相径庭,10275
大街小巷,9970
大逆不道,10129
大雨滂沱,8767
天主,9127
天伦之乐,9755
天堂地狱,10275
天摇地动,8670
天昏地暗,8818
天理难容,9362
天空,9367
天长日久,9787
天黑,9319
太监,8730
夭折,10228
夭殇,10228
央求,10152
央浼,10152
失事,9974
失实,9540
失察,9896
失态,9770
失期,9107
失而复得,9277
失色,9770
失计,9896
头头是道,8570
头等,8515
夸大,9767
夸张,9767
奇形怪状,10048
奉侍,10290
奉璧,9301
奉还,9301
奔腾,8948
奖惩,9193
女郎,9733
奴才,9074
奴颜婢膝,8862
奸人,9523
好人,10364
好心,10108
好战,9339
好景不长,9161
好比,9993
好转,9513
好高骛远,9898
如今,10214
如何,10102
如出一口,8875
如夫人,8920
如意算盘,9070
如斯,9586
如果,9942
如梦方醒,10105
如约,8865
妄语,9588
妆奁,10154
妇孺皆知,10275
妊娠,10161
妓院,9358
妖怪,10341
妖魔,10341
妙手,10034
妩媚,9652
妻子,10369
始作俑者,8687
姑姑,8531
姑息养奸,10072
姗姗来迟,8640
威信,9409
威名,9409
威望,9409
娇媚,9652
婉言,9252
婚事,8668
嫁奁,10154
嫁妆,10154
嫉恨,8904
嫡亲,9253
子夜,9871
子弟,8589
子息,8604
孑然一身,8742
字谜,8982
存案,9973
季候,8711
孤军奋战,8742
孤家寡人,8742
孤苦伶仃,8742
学堂,8615
学塾,8615
学子,9209
学宫,8615
学徒,9209
学费,8521
学问,9052
孳生,9864
孺子,10298
宅眷,9549
守信,9655
守法,8504
守职,8717
安慰,9576
安抚,9576
安身,8523
宏构,10287
宗子,8953
官僚,9927
官场,9041
定期,10174
宝贝,8592
实话,9135
客居,9283
客栈,9890
宣道,9769
宦官,8730
宦海,9041
宰杀,8842
宰辅,9899
害病,8957
宴客,9145
家丁,8881
家书,9794
家传,10188
家信,9794
家属,9549
家数,9751
家眷,9549
宽大为怀,8758
宿世,9210
寄宿,10079
寅吃卯粮,9782
密语,8636
寒冬,10295
寒天,9894
寒意,9067
寝室,8932
寝陋,9069
寡不敌众,9507
寥寥无几,9877
寸步不离,9543
寸草不留,9782
对准,9215
对质,9153
寻短见,8557
将军,10087
将心比心,10242
将近,8787
将领,10087
尊长,10175
小儿,9601
小名,9119
小惩大诫,10073
小星,8920
小童,9797
小脚,8551
小船,8900
小道,9182
小雨,9390
小题大做,10252
尔后,9046
尖兵,8769
尘埃,8642
就是,8568
就逮,10120
尸体,10119
尽收眼底,10275
尽管,9942
尽量,9942
尾随,9074
居所,8924
屋子,10265
屏蔽,10208
屏障,10208
展期,9099
屠宰,8842
屠户,9035
屯扎,8664
山人,10351
山川,9413
山清水秀,9360
岁终,9698
岗位,10304
峻岭,9742
崩塌,9913
巡回,8972
巡行,8972
工场,9345
工头,9977
左计,9896
左顾右盼,9921
巨头,9640
巨细,8492
已往,10053
市侩,8674
市场,8576
市廛,8885
市情,9828
市面,9828
布衣,10334
布道,9769
常规,10083
常识,9052
幡然悔悟,10105
平反,9811
平整,9423
平明,9692
平生,10076
平衡,10012
年关,9698
年少,9561
年尾,9698
年岁,9051
年高德劭,9726
年龄,9051
幼年,9561
幽冥,10303
幽暗,9170
幽默,8981
庄家,10158
应当,10074
应有尽有,10048
应考,9403
应酬,9576
底稿,9743
废话,8989
座谈,9519
康复,9513
延揽,9436
延期,9099
建功立业,9336
建国,9957
开口,10375
开支,10064
开花,8591
开花结果,10126
开通,8497
开销,10064
异曲同工,8875
弈棋,8690
弓足,8551
引子,10085
引火烧身,9958
引见,9968
弟媳,9274
张罗,10269
弥补,8839
弦外之音,9560
弱肉强食,9619
当事人,8547
当事者,8547
当地,9431
当天,8646
当头一棒,8529
当头棒喝,8529
形形色色,10048
形影不离,9543
形影相随,9543
形骸,9786
影戏,8764
影迹,10024
彼此,9451
征伐,9792
征讨,9792
律师,9780
微言大义,9560
微风,9106
德律风,9489
心上人,9425
心向往之,9685
心地,10186
心性,10186
心有余悸,9184
心灵,9955
心狠手辣,10254
心痛,9657
心腹,10133
必不得已,9397
必由之路,10340
必要,10047
忍无可忍,10143
忘怀,9477
念兹在兹,10275
忸怩,10216
怀抱,9879
怀胎,10161
怎么,10102
怒形于色,8566
怒气,8762
怒气冲冲,8566
怕羞,10216
思绪万千,10019
思路,8890
性命,10025
性能,9776
怪声怪气,9148
总而言之,10292
恋恋不舍,8530
恍如隔世,9338
恢复,9382
恩仇,9682
恩赐,10337
息金,8795
恶兆,9257
恶名,9328
恶棍,9243
悔之晚矣,8580
悔过,8952
悬崖勒马,10105
悬梁,9238
悲欢离合,8736
情同手足,9631
情调,8981
情随事迁,9911
情面,8731
惊醒,9795
惜墨如金,10328
惨不忍睹,10254
惨无人道,10254
惨白,8926
惭愧,10018
惯用,9298
惶惶,10321
惹恼,8864
惹祸,9886
愁眉不展,10140
意在言外,9611
意旨,8981
感德,9179
感恩戴德,9108
感慨万端,9140
感激涕零,9108
愤世嫉俗,9444
慢吞吞,10037
戈壁,8873
戋戋,8723
戎服,9940
戎衣,9940
成人,9122
成品,8675
成年累月,9313
成群结队,8945
成衣,8574
我们,8637
战士,9783
战术,10160
战略,10160
战舰,10035
战船,10035
截留,10210
所以,10141
手到病除,9320
手本,10308
才华横溢,9094
打架,9859
打诨插科,9753
打针,9854
托故,9048
托词,9048
托钵,9064
扣押,10210
执照,8943
扫尾,9271
找事,9935
承上启下,9514
承情,9176
抑扬,10106
抒情,9060
投掷,10246
投桃报李,9270
投缳,9238
投递,9482
投闲置散,8927
抗尘走俗,8737
折扣,9221
抚育,10290
抚躬自问,9207
抛头露面,9873
抛掷,10246
披露,10028
抱愧,10018
抱歉,10018
抱病,8957
抵押,10260
抽暇,9908
抽空,9908
抽芽,9529
抽闲,9908
拉帮结派,9619
拒绝,10215
拔山举鼎,9316
拖拉,9599
拘押,10210
拘捕,10210
招聘,10270
拾人牙慧,9020
挂号,9973
指手画脚,9288
指控,10022
指日,10123
指日可下,8916
指正,8526
按摩,10089
挑唆,10017
挚友,10133
挥发,9375
挨门挨户,8579
挨门逐户,8579
捆扎,8897
捉拿,10210
捶胸顿足,10143
排泄,9167
排队,9637
接应,9314
接踵,8999
控告,10022
推却,10215
推己及人,10242
推托,10215
推陈出新,9917
掩埋,9434
措辞,9868
揄扬,8671
提及,10086
插科打诨,9753
搅和,10197
搪瓷,9008
搬动,9804
携手,10038
摄生,10294
摇身一变,8745
摔倒,9249
摩拳擦掌,8922
撒泼,8609
擅权,9462
擦拳抹掌,8922
擦拳磨掌,8922
攀亲,8559
攀援,8876
攀爬,9029
攀缘,9029
攀话,10327
攀高,9029
收入,8625
收支,9656
改名换姓,9889
改邪归正,9889
放假,8856
放学,8835
放射,8917
放荡不羁,9323
政事,10342
政客,9927
政府,10139
政策,10160
故人,9247
故园,9666
故土难离,9076
效益,8625
效颦,10083
救急,9761
敢做敢当,10007
散发,10114
敷衍了事,9898
文人,9468
文凭,9025
文吏,9205
文士,9468
文字,10040
文官,9205
文武双全,9726
文献,8633
文籍,9395
文臣,9205
斧正,8526
斩草除根,10266
断气,10054
新人,9222
新生,9602
方丈,9819
方今,10214
方便,9928
方言,9922
旅客,10016
旅居,9283
旅费,8614
旅馆,9890
旋里,9918
旗手,9760
无与伦比,8907
无依无靠,8742
无关痛痒,8990
无家可归,10193
无巧不成书,9420
无巧不成话,9420
无微不至,8803
无恶不作,10254
无所不包,10048
无所不知,8803
无济于事,8927
无牵无挂,10331
无稽之谈,9006
无穷,9267
无论,9022
无足轻重,8990
无须,8621
既成事实,8807
日久天长,9787
日志,8852
日曜日,9812
旧居,9666
旨趣,8981
早晚,9201
早饭,10227
时不可失,9527
时价,9945
时时刻刻,9700
时机,10078
时移俗易,9406
时过境迁,9406
旷日持久,9787
旷课,10346
昆仲,8889
昆玉,8889
明查暗访,10275
明辨是非,10319
昏厥,9194
昔日,10053
映照,10348
春季,9966
春秋,9051
春风,9378
昨年,9870
昭示,9613
昭雪,9811
是是非非,10319
是非曲直,10275
显露头角,10272
晕厥,9194
晚年,9661
晨钟暮鼓,8529
晴天,9557
晴天霹雳,8706
暗影,9649
暗无天日,8818
暗杀,9578
暗淡无光,9969
暮年,9661
替古人担忧,9055
最佳,10142
月信,9132
月给,9272
月薪,9272
有增无已,9313
有头无尾,9898
有始无终,9898
有条不紊,8570
有板有眼,8570
有求必应,10344
有用,9910
有身,10161
朋侪,10133
服役,9790
服饰,10286
朔风,9281
朗诵,9850
望文生义,9584
朝三暮四,10229
朝日,9692
期限,10123
木屋,9065
木已成舟,8807
木柴,10164
木樨,9695
未婚,9111
未尝,9255
未焚徙薪,9619
末路,8974
本位主义,9941
本年,10049
本籍,8533
本职,8964
本身,10200
本钱,9934
札记,9169
朱紫,9491
杀鸡儆猴,9931
杂务,9186
杂文,10326
权宜之策,9805
权宜之计,9805
权益,10000
权衡,10251
村夫,9341
村子,10207
杜口,9932
杜门不出,9393
条件,10152
条款,10152
来岁,8766
极乐世界,9618
构思,9979
构想,9979
构成,9904
构造,10190
林林总总,10048
果不其然,10277
果然如此,10277
果腹,9405
枪弹,10091
枯荣,9000
某人,8954
染指,9408
染病,8957
标帜,10125
标识,10125
标语,9002
标题,10065
栈房,9890
栏杆,9675
树德,8661
树怨,9954
树敌,9954
栩栩如生,8570
格格不入,10301
档子,9965
梦呓,8822
梵衲,9038
检束,8977
检核,8977
樊篱,10208
模仿,10083
模拟,10083
横扫千军,9308
横死,9019
欠债,9293
欠据,9118
欢然,10357
欣慰,9576
欣然,10357
欧化,9815
止宿,10354
正式,9334
正月,10150
正本清源,9354
正本澄源,9354
正路,9334
正轨,9334
此刻,10214
此后,10090
此外,10240
此次,9887
此生,8739
步步高升,8824
武器,10177
武术,10116
歪歪扭扭,9532
歹意,8620
死战,10203
殊途同归,8875
残余,9732
残留,9732
残缺,8732
殷商,9669
殷鉴不远,9473
毂下,9349
母舅,8684
每时每刻,9700
毒杀,9727
比如,9993
比手划脚,9288
毕业,9617
气呼呼,9136
气息,10051
气汹汹,9136
气量,9879
气鼓鼓,9136
氛围,9667
水师,10166
水患,8639
永生,8707
汗颜,10018
汹涌,10199
沉冤莫白,8555
沉陷,9719
沉鱼落雁,9544
沙岸,9166
沙漠,8873
沙门,9038
没收,10282
没没无闻,9821
河山,9976
河干,8946
河道,10041
治绩,10268
沿袭,9240
泊车,9605
泛爱,8936
波斯猫,10390
波澜,8710
泥塘,9744
注册,9973
泪下如雨,9483
泪如雨下,9483
泰初,8759
泼皮,9243
泾渭不分,9195
洋化,9815
洋娃娃,9852
洋装,8996
洗心革面,9889
洞天福地,9618
洞察一切,10275
洞穴,9768
活着,9835
活该,10192
活路,10061
流氓,9243
流离,8569
流离转徙,10193
流芳百世,9159
测量,10251
济济一堂,10145
浑家,10369
浑水,10224
浑身,10131
浓妆,8768
浩劫,9518
浩叹,9479
浩饮,9056
浪子回头,10105
浪迹天涯,10193
浮图,9347
浮屠,9347
浮滑,9446
浮言,10070
浴室,8727
海中捞月,9370
海员,9582
海角,9387
海阔天空,10347
涂脂抹粉,9889
消息,10206
消融,10311
淘汰,9736
深夜,9871
深宵,9871
深居简出,9689
混混,9243
混身,10131
混闹,9234
添加,10263
清偿,9301
清剿,9110
渗入,9167
渗透,9167
温文尔雅,9050
温柔敦厚,9050
渲染,8819
湛蓝,8985
溺职,9269
滋事,9886
滋生,9864
滋补,9355
滑稽,8981
滚开,9144
满目疮痍,9798
满腹疑团,10243
演出,8514
演示,8611
漫谈,9519
潜移暗化,10148
潜移默化,10148
潸然泪下,9483
澈骨,9318
激流,9838
激浊扬清,8619
激辩,9098
灌输,10253
灌音,8535
火化,9303
火油,10211
火葬,9303
灭绝人性,10254
灰尘,8642
灰暗,9170
灵丹妙药,10130
灵魂,9955
灾黎,9394
灿烂辉煌,10309
炎热,9730
点头,8534
点火,9350
烟火,8789
热乎乎,9400
热气腾腾,9368
热泪盈眶,9483
热点,8564
热门,8564
烽火,9149
照例,10083
照样,10083
照耀,10348
熟睡,9600
熟能生巧,10148
燥热,9730
爪牙,9826
爱情,9426
爽约,9107
版图,9976
牌号,10281
牌坊,9472
牌楼,9472
牌照,8943
牛刀小试,10272
牢记,9200
牢骚满腹,10149
物归原主,8874
物质,8595
牲口,8815
牵肠挂肚,10275
特效,9229
犯禁,9258
犯科,9824
狙击,9422
狡赖,10215
独出心裁,9917
独居,9304
独身,9111
狼吞虎咽,9980
狼烟,9149
猛将,9037
猛烈,10111
献岁,9093
猴子,9455
玄教,9068
玉液,9509
玉环,8797
玉盘,8797
玉石俱焚,8746
玉阙,9763
王室,9049
现代,9535
现时,10214
理当,10074
琐务,9186
琼浆,9509
瑰宝,8592
甘旨,9009
甚嚣尘上,10237
甚至,9865
生事,9886
生平,10076
生息,9864
生擒,9971
生死,10138
生生世世,9084
生老病死,8729
生育,9801
生齿,9439
用力,9867
用钱,9450
用饭,8778
甲第,8515
电影,8764
电话,9489
男大当婚,9846
画图,9558
留下,10077
番邦,8973
疆域,9976
疾恶如仇,10314
疾驰,9946
病由口入,9383
痊可,9513
痛改前非,9889
登场,10069
登攀,9029
白头偕老,10271
白晃晃,9729
白茫茫,9729
白话,9300
白首,10173
百口莫辩,8507
百思不得其解,10121
百思不解,10121
百感交集,9140
百般,9428
皇帝,8655
皋比,8823
监仓,9307
盘川,8614
盘点,9484
盘费,8614
盛会,8804
盛传,9171
盛德,8906
盛装,8870
目光如豆,9898
目前,10214
目眩,10137
目睹,10376
盲人,10084
直系,8662
直觉,8702
相应,10371
相形见绌,8772
相得益彰,8884
相打,9859
相沿成习,8915
相继,8999
省悟,9795
眉来眼去,8831
看家本事,9731
看家本领,9731
看破,9851
看穿,9851
真谛,8981
着花,8591
睿智,9346
瞎子,10084
瞪眼,10278
瞬息万变,8745
瞻前顾后,9921
矢口否认,8524
知友,10133
知己,10133
知心,10133
短折,10228
石友,10133
破例,8880
破晓,9692
碎务,9186
示威,8672
礼节,9901
祖传,10188
祖籍,8533
神志不清,8818
神经病,9788
祸国殃民,9536
祸胎,8612
禁不住,8561
离经叛道,10129
离隔,8930
私情,9254
私语,8636
秃子,10236
秃顶,10236
科学,9708
租金,8667
积少成多,9313
称兄道弟,9631
称职,8717
称谓,9555
移宫换羽,8749
移花接木,8749
移风易俗,9917
稀奇古怪,10048
稳操胜算,9273
穷乡僻壤,9782
穷山恶水,9782
空气,9667
空洞无物,10043
空白,10060
空言,8989
空门,9217
突然,10365
窃取,8738
窃贼,9174
窥见一斑,9344
立案,9973
童子,10298
端本正源,9354
端详,9939
笑吟吟,9714
笑呵呵,9714
笑哈哈,9714
笑嘻嘻,9714
笔墨,10040
笼络人心,10122
筵席,9157
签名,10144
签字,10144
箝口,9932
管工,9120
篾片,8934
簇拥,9570
类型,9124
精疲力尽,8854
精神病,9788
素交,9247
素志,9504
素性,10009
絮叨,8929
繁花似锦,9225
红扑扑,9231
纲纪,9712
纵使,9942
纷纷,9421
纸烟,9031
纸鸢,9706
线索,9818
细姨,8920
细枝末节,8990
细软,10036
终身,9834
经商,9648
结亲,8559
结伴,9039
结构,10190
给与,10337
绝处逢生,9320
统筹,9759
绪论,10085
绿水青山,9360
缓期,9099
编辑,8968
缧绁,9307
缩水,9155
缮写,9773
罗网,10190
罢手,8616
罪人,9475
罪犯,9475
罪魁祸首,8687
置备,9137
美人,9030
美味,9009
美意,10108
美誉,8910
美谈,9449
羞恨,8998
羞惭,10018
羞涩,10216
羞花闭月,9544
翌日,9332
翠绿,8598
翻来覆去,9715
翻滚,9116
翻箱倒柜,9809
翻箱倒箧,9809
翻腾,9116
老友,10133
老少,9779
老手,10034
老是,9825
老汉,10359
考场,9081
而且,10255
耐力,9674
耐心,9674
耕田,9909
耳熟能详,10148
耳目一新,9889
耳聪目明,9823
耳闻目睹,10148
耳饰,9621
职权,10000
职能,9776
聘任,9839
聘用,9839
聪明智慧,8713
肆业,8788
肉体,9984
肉痛,9657
肝火,8762
肥壮,9737
肥胖,9737
胆子,9810
背井离乡,10193
背后,9740
背景,9937
胜景,10100
胜负,8844
胡里胡涂,10046
胪陈,10184
胸襟,9879
能否,9723
脱胎换骨,9889
脸红,9063
腰身,9800
腼腆,10216
自封,9563
自怨自艾,9610
自然,9942
自缢,9238
自言自语,9791
自讨苦吃,9958
自说自话,9791
自身,10200
自食其果,9958
自食其言,10229
臭名远扬,9495
至今,9525
致敬,9576
舅父,8684
舅舅,8684
舌战,9098
舍己为人,9407
舟子,9582
航海,9330
船员,9582
船坞,8792
船埠,9587
艰涩,10081
节奏,9728
花卉,10196
花园,10134
花样翻新,9917
花红柳绿,9225
花纹,9073
芳华,8539
芸芸众生,9438
苍天,9538
苍生,10334
苏醒,9795
若何,10102
若干,8573
苦不堪言,9168
英气,10320
茅塞顿开,10105
茕居,9304
茶楼,9533
茶馆,9533
草稿,9743
草莽,10110
草行露宿,8737
草野,10110
荣枯,9000
莠民,9256
获利,9732
莺迁,8886
萌芽,9529
萍踪,10024
营垒,9117
营建,9930
营生,9653
落发,10093
落第,9736
落网,10120
落落大方,9050
落选,9736
蓦地,10365
蓦然,10365
蓬头垢面,9623
藏身,8523
虎皮,8823
虚心,9576
虽然,9942
蛀虫,8716
蜚言,10070
蠢蠢欲动,8922
血流成河,8695
血统,8776
血缘,8776
血迹,9183
行列,9707
行刺,9578
行同狗彘,8748
行善,9442
街坊邻里,9305
街头巷尾,9970
街市,9591
衣不蔽体,9782
衣锦荣归,10302
衣食住行,8729
表里,9872
袍笏登场,9873
裁缝,8574
装作,9664
装甲车,8496
襟怀,9879
西岳,9043
西服,8996
要是,9942
要路,9982
覆信,8913
见所未见,10095
见智见仁,9013
见贤思齐,9873
觉醒,9795
解析,8725
解甲归田,9076
解缆,9814
触犯,10218
触类旁通,8786
言犹在耳,10275
言简意赅,10328
言近旨远,9560
誉不绝口,9510
譬喻,9993
计日程功,8916
订婚,9697
订盟,9435
认输,10374
让与,8902
讯息,10206
记住,10239
记实,9799
记录,9799
记得,9200
记忆犹新,10275
记载,9799
讲课,8720
讳疾忌医,9889
讼事,8508
设席,8744
证书,9025
评断,9923
评议,9923
词句,8558
诙谐,8981
诛讨,9792
话不投机,8882
话旧,9248
诞辰,8969
诡辩,10215
该死,10192
详述,10184
诬告,9177
诬害,9578
误期,9107
诱拐,8919
说话,9868
请假,9467
请安,9576
请帖,9361
请柬,9361
读书,9892
课本,8724
谁人,10101
调子,8525
调用,10068
调笑,9650
谆谆告诫,9560
谐谑,9650
谗言,9160
谗谄,9578
谛听,8635
谜底,8894
谦卑,9576
谦虚谨慎,9593
谦逊,9576
谨记,9200
谰言,10070
豁然贯通,10105
象征,10125
豢养,8630
貌寝,9069
负约,9107
财产,10370
财帛,10010
财政,10062
财源,9365
贤人,10241
货币,9143
货色,10044
质量,10109
贩卖,9090
贩子,9591
贫民,9410
贯注,10253
贵宾,10353
贿赂,8599
资本,9934
资金,9934
赏格,9474
赏赐,10337
赐予,10337
赝品,10124
赞不绝口,9510
赢输,8844
赤身裸体,9286
赫赫有名,10275
走嘴,9107
走马上任,9873
走马观花,9898
起事,9583
起死回生,9320
起程,9814
起誓,9454
超人,8867
超等,8563
超群出众,8907
超额,9089
越狱,9437
趔趄,8806
跑江湖,8918
跑马,9173
跟从,9074
跟着,9951
路人皆知,10275
路线,8540
踪影,10024
踵事增华,9322
身形,8925
身段,9984
身败名裂,9495
躲债,9702
轩然大波,9998
转败为胜,9320
转达,9464
轮替,10178
轰隆,9429
轻佻,9446
轻浮,9446
轻重缓急,8570
轻风,9106
辖下,9481
辞谢,10215
辣手,9280
辩护,9342
达到,10020
过去,10053
过夜,10354
过犹不及,9526
过眼云烟,8536
运动场,9862
运送,9427
近况,9891
近来,9690
返璧,9301
这边,9187
这里,9187
进出,9656
进口,9949
进口货,9592
进场,9459
远处,9635
远方,9635
远水不救近火,10232
违抗,9411
违法,9824
违背,9411
连任,8541
迥然不同,10275
迫害,8617
迷途,8796
追逐,9074
退伍,9259
退回,9301
退役,9259
送达,9482
适时,8908
逃之夭夭,9386
逃狱,9437
逆境,9494
选民,10334
选派,9044
逍遥法外,9214
逍遥自在,9214
透骨,9318
通例,10083
通信,10169
通商,9754
通宵,10204
通讯,10169
通风,9087
通饬,8783
速度,8698
造作,9693
造孽,9824
逢凶化吉,9320
逾额,9089
遇见,9476
遍体鳞伤,9311
遍地,10107
遐迩,8556
道歉,10018
道理,8981
道路,8540
遗体,10119
遗臭万年,9495
遥远,9635
避实就虚,8928
避忌,9150
避讳,9150
邪路,8905
郢正,8526
部下,9481
部队,9707
都城,9349
鄙陋,9662
配头,10050
酡颜,9063
酣畅淋漓,10043
酣睡,9600
酬酢,9576
酷寒,10295
醉生梦死,8572
醒觉,9795
采办,9137
释教,10220
重新,8740
量度,10251
钓鱼,9396
钤记,8645
钱财,10010
钳口,9932
铭心刻骨,10275
铺张浪费,9658
锅炉,10055
错漏,10299
锦衣玉食,9658
长吁,9479
长吁短叹,10092
长命,9645
长子,8953
长年累月,9787
长此以往,9787
长生,8707
长篇大论,10043
门户,9751
闪亮,10245
闪灼,10245
闪烁,10245
闪耀,10245
闭口,9932
问好,9576
问牛知马,8786
问鼎,9408
闯事,9886
闯祸,9886
闲荡,10181
闻名,10322
闻过则喜,9889
阳世,10014
阴司,10303
阴晦,9170
阴沉,9170
阴阳怪气,9148
阴魂,8858
阵容,8583
阶层,8673
阶梯,8540
阶级,8673
阿其所好,8862
阿谀奉承,8862
阿谀逢迎,8862
附属,10127
陆地,10182
陈迹,10024
陌头,8548
院落,8976
除恶务尽,10266
陪同,9074
陪罪,10018
陵园,9559
陵寝,9559
随地,10107
隐恶扬善,8619
隔膜,9777
障蔽,10208
难兄难弟,9195
难懂,9264
难民,9394
难解,9264
雄心,9830
雇主,9960
雠敌,9105
雨伞,9515
雾鬓,9660
霹雳,9429
非同小可,9938
非命,9019
非驴非马,9539
面目一新,9889
面面俱到,10048
音尘,10206
韵事,9449
顶嘴,9023
顶峰,10293
顶用,9929
项圈,9885
项链,9885
顺便,8567
须发皆白,9266
须眉,10094
顽疾,9432
顾影自怜,8742
顾而言他,10352
预订,8578
领土,9976
领巾,9612
领班,9977
频年,8817
颔首,8534
颠倒,10029
颠沛流离,10193
风华正茂,9316
风卷残云,9308
风扇,8983
风流人物,9191
风趣,8981
飞蛾扑火,9958
飞行,10155
飞越,10155
食不甘味,9980
食品,9869
食物,9869
餐风饮露,8737
饮宴,9114
饰物,10036
饱经风霜,9369
首屈一指,8622
首犯,8554
马马虎虎,9898
驰名,10322
驰骋,9062
驱驰,9062
驻扎,8664
驻足,8523
驾雾腾云,8752
骚人,9468
骨瘦如柴,8495
高利贷,9324
高堂大厦,8584
高声,9103
高手,10034
高招,8866
高枕无忧,10331
高着,8866
高级,9061
高见,10170
高足,9209
鬼魂,8858
鬼魅,9778
鸡零狗碎,9560
鸡飞蛋打,8746
鸳侣,10050
鹞子,9706
鹤立鸡群,8622
麻醉剂,10212
黄金时代,9088
黑沉沉,9729
黑洞洞,9729
鼎鼎大名,10275
鼻祖,8883
齐头并进,9027
龋齿,10345
一一,8608
一丝不挂,9286
一了百了,10179
一厢情愿,9070
一去不复返,8922
一团和气,9593
一子出家，七祖升天,9704
一得之见,9898
一念之差,9326
一掷百万,9658
一无所得,8499
一无所能,10189
一无所获,8499
一旦,9595
一望而知,10275
一朝一夕,9161
一生,10076
一目十行,9898
一石二鸟,9493
一箭双鵰,9493
一览无余,10275
一颦一笑,9154
一马平川,10048
一马当先,8498
万不得已,9397
万能,8502
万般,9428
三令五申,8658
三头六臂,8896
上台,10069
上将,8581
上层,9011
上岸,9597
上边,9820
上钩,9882
上风,10168
下午,10132
下学,8835
不伦不类,9539
不佳,9352
不修边幅,9623
不光,8988
不免,8937
不单,8988
不厌其烦,9560
不只,8988
不妥,9466
不成才,9765
不打不相识,8820
不时之需,8877
不曾,9255
不欢而散,9856
不法,9824
不用,8621
不由得,8561
不痛不痒,9898
不约而同,8875
不经之谈,9006
不胜其烦,9560
不见天日,8818
不论,9022
不该,9033
不足齿数,10275
不远千里,8737
不顾,9632
与日俱增,9313
专制,9724
专权,9462
世人,10034
世外桃源,9618
世界,10103
世间,10014
东家,9960
东拼西凑,10347
东瀛,9860
两全,9759
两全其美,9493
两虎相争,8746
两败俱伤,8746
两边,9989
严刑峻制,9239
严惩,9710
丧事,8951
丧家之犬,9184
中世,9516
中午,9758
中叶,9516
中和,8682
中庸之道,8606
中用,9929
中计,9882
中途,8696
丰产,9226
丰功伟绩,10027
临盆,10057
为人师表,9739
主犯,8554
主顾,9235
举国一致,9172
举国上下,9172
举家,9502
举棋不定,9251
乃至,9865
久而久之,9787
义冢,8813
乐极生悲,9161
乘机,8567
九牛一毛,9877
乞食,9064
也曾,10083
习气,9250
习用,9298
乡间,10207
书写,9773
书橱,9213
书画,10128
书院,8615
乱说,9995
了不得,8643
了债,9301
了如指掌,10275
予以,10337
争先恐后,9873
事前,9906
事后,9501
于是乎,10141
云云,9586
互通有无,9270
五光十色,10048
五花八门,10048
五谷丰登,9351
井井有序,8570
井井有条,8570
井然有序,8570
井蛙之见,9898
亘古未有,8907
交叉,8721
交浅言深,8882
交界,9691
交织,8721
交错,8721
产品,9924
产物,9924
享福,10198
京城,9349
京都,9349
亲自,8757
人众胜天,9047
人命,10025
人命关天,9938
人尽其才,8586
人心,8816
人才济济,10202
人才辈出,10202
人浮于事,8927
人神共愤,9329
人迹罕至,9878
人面桃花,8922
仆从,9074
今世,9535
今后,10090
今是昨非,9720
仍旧,10083
仍然,10083
从前,10053
从善若流,9889
从头,8740
从谏如流,9889
仓库,9890
他方,10146
他杀,9578
付出,10064
仙人,8955
仙女,9733
仙风道气,8861
代价,10317
令媛,9646
令郎,8891
以强凌弱,9619
以来,10090
以至,9865
仰药,9487
仰面,8735
仲裁,9923
价值,10317
任劳任怨,8754
伏诛,9290
伐罪,9792
休战,8774
众人,10034
众口一词,8875
众望所归,9726
优伶,9571
优遇,9042
伙伴,10133
伤风,9999
伯仲,8889
估客,9591
伴同,9074
伶人,9571
低级,9371
住宿,10354
住所,8577
住持,9819
体态,8925
体育场,9862
何况,10255
何故,10117
何须,8621
余步,9585
余音绕梁,9816
作弊,9331
作恶,9824
作陪,9074
作风,8663
佝偻,10219
佩带,8747
佩戴,8747
佳丽,9030
佳作,10287
佳耦,10050
使者,9340
例外,8880
侍候,10290
侍奉,10290
供不应求,8927
供词,9309
依约,8865
便利,9928
俗语,10023
俗谚,10023
信步,9603
倏地,10365
倒置,10029
倘使,9942
倘若,9942
倚仗,9453
倚恃,9453
借债,10136
借口,9048
借字,9118
借贷,8863
倾吐,8549
倾圮,9913
倾斜,8995
倾泻,9750
倾盆大雨,8767
倾诉,8549
假使,9942
假充,9664
假冒,9664
假装,9664
假设,9942
假货,10124
假贷,8863
偏激,8653
偏疼,9203
做作,9693
做生意,9648
做贼心虚,9670
停泊,10080
停车,9605
停靠,10080
偷换,9668
偷盗,8738
偷袭,9422
傍晚,10279
催讨,10338
儿童,10298
元月,10150
充塞,9503
先下手为强,9404
先人,8679
先发制人,9404
先父,9542
先见,8607
光复,9382
光天化日,10275
光头,10236
光宗耀祖,9722
光溜溜,9672
光秃秃,9672
克日,10123
兔脱,10362
入选,9806
入门,9206
全国,10103
八竿子打不着,9415
公众,10034
公共场所,10275
公务,9007
公墓,8813
公文,10082
公法,9920
兰交,10133
共享,9377
共谋,10030
关怀备至,8803
兴修,9930
兴师问罪,8938
兴致,8981
兵力,9524
兵种,9948
兵舰,10035
其余,10240
其它,10240
养尊处优,9658
养生,10294
养病,8949
内涵,9142
内省,9741
内陆,10182
册页,9567
冒名顶替,8749
冒犯,10218
冗词赘句,10043
写稿,9010
军备,8628
军师,9789
军火,10177
军装,9940
农具,9452
冠冕堂皇,9749
冤家,9105
冰冷,10295
冰凉,10295
冲刷,8657
冲犯,10218
冶容,8768
冷嘲热讽,9018
冷言冷语,9018
冷风,9784
冷飕飕,10187
凉气,8522
凉爽,9990
凝听,8635
几许,8573
凶手,9162
凶犯,9162
出世,10172
出于无奈,9397
出人头地,10272
出名,10322
出场,9459
出头,10144
出头露面,9873
出局,9736
出生,10172
出谋划策,8958
出面,10144
刀枪入库,9076
刀耕火种,9836
分享,9377
分内,8964
分家,9005
分居,9005
分拨,9614
分析,8725
分神,9569
分管,10307
分缘,9121
分身,9759
分配,9614
切断,8649
切脉,8629
切齿痛恨,10143
切齿腐心,10143
刑场,9285
划子,8900
列队,9637
刚刚,9981
初度,9151
初志,8685
初稿,9743
初级,9371
删省,9522
判然不同,10275
利刃,9633
利润,8625
别具一格,9917
别开生面,9917
别树一帜,9917
到处,10107
制度,9919
剃发,10368
前兆,9622
前功尽灭,9898
前夜,9575
前往,9883
前程,8588
前线,9359
前言,10085
前车之鉴,9473
前驱,9057
剔除,9196
剖解,10230
剧场,9752
剧烈,10111
剪发,10368
剽窃,10113
剿灭,9110
力图,9950
力求,9950
功败垂成,9898
加快,10180
劳力,9684
勉强,8516
勘察,10251
勘探,10251
勤学,9735
勾画,9083
匀称,9418
包罗万象,10048
区区,8723
十恶不赦,10254
十拿九稳,9273
千变万化,8745
千载难逢,10058
千里迢迢,8737
升空,9511
升降,9581
午睡,9381
半子,8975
协力,9572
协谋,10030
卑鄙龌龊,8748
卓识,10170
单位,10097
单身,9111
博士买驴,9560
危坐,10153
危崖,9781
即是,8568
历历可数,10275
历年,8618
厉兵秣马,9227
压倒元白,8622
厕所,10372
厚交,10133
厚味,9009
厚此薄彼,9817
厚遇,9042
原形毕露,10301
厮役,8881
去向,10021
去处,10021
县长,9679
参军,9790
又红又专,9726
及时,10059
友邦,8847
反复无常,10229
反映,10371
反治其身,10042
反躬自省,9207
发呆,9499
发扬光大,9322
发楞,9499
发疯,10011
发笑,9492
发芽,9529
发行,8869
发言,9868
受刑,9290
受惠,9577
变化多端,8745
变幻,9545
口供,9309
口授,9275
口耳相传,9641
口诛笔伐,8938
古人,8700
另眼相看,9080
叩门,8931
只管,9942
只要,10306
只言片语,9985
叫花子,8814
召募,9796
可口,9009
可否,9723
可喜,8829
可恨,8986
可有可无,8990
可见一斑,8825
史乘,9164
史无前例,8907
各式各样,10048
各样,9428
合时,8908
合浦珠还,9277
合用,9624
吊唁,8898
同寅,9066
同庚,10316
名士,8805
名学,8641
名片,8909
名震一时,8517
后台,9937
后患无穷,10072
后盾,8631
后辈,8589
吐故纳新,9917
向例,10083
向阳,9692
君子,9659
吝啬鬼,10249
含恨,9688
吹嘘,8671
吹奏,8680
告发,9463
告白,8980
呜咽,9874
周身,10131
味道,10098
呼之欲出,8570
和尚,9038
和蔼可亲,9593
咎由自取,9958
咬牙切齿,10143
咱们,8637
品学兼优,9726
品级,8848
哲学,8987
唾面自干,8878
善意,10108
喜事,9628
喜滋滋,10002
喜讯,9628
喧宾夺主,9302
嘉宾,10353
器度,9879
囚禁,10210
四时,9616
回去,10135
回味无穷,9082
回生,9602
回绝,10215
回身,10296
因此,10141
因袭,9240
因陋就简,9898
囫囵吞枣,9898
困境,9494
围剿,9110
国家,8678
国本,9639
国界,9976
国脉,9639
国计民生,9562
图书,9395
图画,9208
图章,8645
土头土脑,8836
在家,9880
在朝,10063
在行,10034
地动,8956
地图,9642
地域,9914
地痞,9243
地道,8802
地面,8963
均匀,9418
坎阱,10190
坏人,9523
坐罪,8571
坐而论道,8544
垂头,9244
垃圾,9732
埋葬,9434
城堡,9117
城狐社鼠,10191
基层,9589
堕胎,9123
堡垒,9117
塌台,9629
填塞,9503
墓穴,9626
增加,10263
增添,10263
墨黑,9170
壮盛,8871
复兴,9382
复原,9382
复苏,9795
夏令,8834
外乡,10276
外号,8692
外地,10276
外家,8528
外方,10276
夙兴夜寐,9952
多半,8827
多样,9428
夜深人静,9130
夜间,10279
大功告成,9391
大发雷霆,8566
大吵大闹,9998
大处着眼,9517
大姨,8912
大小,8492
大展宏图,9506
大庭广众,10275
大恩大德,9827
大智若愚,9593
大有作为,9506
大破大立,9917
大话,10070
大败,10031
大难,9518
大雨如注,8767
天下一家,9015
天下为公,9015
天下第一,9925
天井,8976
天伦,9253
天南海北,8737
天国,9687
天地,10103
天渊之别,10275
天然,9942
天网恢恢，疏而不漏,8708
天罗地网,8708
天道好还,10360
天际,9367
太空,9367
夫君,10094
失口,9107
失当,9466
失慎,10300
失火,10162
失策,9896
失职,9269
失言,9107
头绪,9818
头陀,9038
头颅,8961
夷狄,9097
夸口,8840
夸耀,8840
奋起直追,9480
奔忙,9062
奔波,9062
奔走,9062
奔驰,9062
奕棋,8690
奠基,9306
女士,10235
女婿,8975
奴役,9074
奴隶,9074
奴颜媚骨,8862
奶名,9119
奸商,8674
奸淫,9348
奸细,8777
奸臣,8944
好事,10280
好事多磨,9161
好大喜功,9898
好手,10034
好景不常,9161
好笑,9384
如影随形,9543
如期,10174
如此,9586
妃耦,10050
妊妇,8693
妙手回春,9320
妻离子散,10193
始祖,8883
姑妈,8531
姑娘,10235
威风,9433
娇嫩,8656
娇生惯养,9658
婀娜多姿,10256
婉词,9252
媒介,10085
嫉妒,8904
嫉恶如仇,10314
子女,8604
子妇,9115
子孙,8604
子弹,10091
孕妇,8693
字正腔圆,9816
字画,10128
存候,9576
孝敬,10258
孝服,9705
孝顺,10258
学友,10244
学生,9209
孩子,10298
孳乳,9864
宇量,9879
守时,10059
守财奴,10249
安家,8523
安居,8523
安步,9603
安葬,9434
安身之地,9237
安身之处,9237
完璧归赵,8874
完稿,10336
完蛋,9629
宏愿,9830
宗族,9268
官司,8508
定义,9520
定亲,9697
定命,10159
定数,10159
定时,10059
宝塔,9347
实时,10059
实物,9392
实用,9624
审讯,8755
客堂,8623
客气,9576
宣教,9769
室庐,8577
室第,8577
宰衡,9899
害羞,10216
宴会,9114
宴集,9114
家世,10172
家境,10285
家当,10370
家族,9549
家猫,10390
家道,10285
宽免,9465
宽宏大量,8758
寅支卯粮,9782
密谋,9578
密锣紧鼓,8570
富丽堂皇,10309
富商,9669
富埒王侯,9771
富翁,9644
寒冷,10295
寒暄,9576
寓意,9837
寰宇,10103
对头,9105
对子,8770
对牛弹琴,9447
对牛鼓簧,9447
对证,9153
对调,8765
寺人,8730
寺庙,9521
寺院,9521
寻根究底,8935
寿终正寝,10179
寿辰,8969
将来,9332
将计就计,9079
小型,9943
小姐,10235
小巫见大巫,8772
小径,9182
小恩小惠,10122
小老婆,8920
小节,9912
小路,9182
少小,9561
少见多怪,10252
尘凡,10014
尘寰,10014
就事论事,8928
尸身,10119
尸首,10119
尸骸,8791
尽人皆知,10275
尽忠报国,9469
局外人,9457
居住,9785
居处,8577
居民,9807
屈指可数,9877
展览会,8582
属下,9481
履新,10358
屯子,10207
山明水秀,9360
山水,9413
山门,10151
山高水低,9326
岂非,10247
岑岭,9505
岔路,9212
岗亭,10304
岳父,9292
峻峭,10264
崩裂,9913
崭露头角,10272
州伯,10233
州里,9701
工业,10370
工厂,9345
左邻右舍,9305
巧取豪夺,9619
巨人,10241
巨贾,9669
巷子,9182
市井,9591
布景,9937
帆海,9330
帐幕,9594
帐篷,9594
帷幕,9594
常见,9566
干娘,9855
干证,9876
平易近人,9593
年夜,8800
年富力强,9316
年底,9698
年数,9051
年末,9698
年纪,9051
幻化,9545
幽谷,9552
广告,8980
庐山真面目,10301
应声,10371
应该,10074
店肆,8885
店铺,8885
庙宇,9521
废料,9732
废物,9732
度量,9879
开国,9957
开山祖师,8883
开明,8497
开航,9814
开花结实,10126
开释,10210
弁言,10085
异乡,10276
异军突起,9917
异口同声,8875
异地,10276
弄月,9233
引人入胜,9082
引人注目,10275
引港,8597
引领,10176
弟子,9209
张冠李戴,10301
弥天大谎,9757
弥留之际,9003
弹指之间,9161
归咎,10167
归正,9953
归罪,10167
归还,9301
当然,9942
当选,9806
形单影只,8742
形而上学,8987
形销骨立,8495
影踪,10024
彻夜,10204
彼苍,9538
往后,10090
往时,10053
征程,8763
徇情枉法,9619
徐行,9603
徒唤奈何,8580
徒弟,9721
徒托空言,8544
得病,8957
徙迁,8886
微笑,8543
微薄,9916
德才兼备,9726
心如刀割,10291
心明眼亮,9823
心服口服,8868
心血,9684
必恭必敬,9075
忍气吞声,8878
忍辱负重,8878
念书,9892
忽地,10365
忽然,10365
怀孕,10161
怒不可遏,8566
怒发冲冠,8566
怒气冲天,8566
怒火,8762
思绪,8890
怠惰,9198
急中生智,9534
急于求成,9898
急流,9838
急起直追,9480
怨气冲天,10149
总务,9186
总数,8850
恋人,10312
恨之入骨,10143
恨入骨髓,10143
恩德,10318
恩怨,9682
恩情,10318
恩惠,10318
息兵,8774
恳求,10152
恶人,9523
恶徒,9523
悔之无及,8580
悔恨交加,8580
悔改,9678
悛改,9678
患病,8957
悬挂,8741
悲喜交集,9140
悲痛欲绝,9483
惨无天日,8818
惨绝人寰,10254
惯例,10083
惶惑,10321
愁眉苦脸,10140
意义,8981
意味,8981
意思,8981
感同身受,8803
感恩,9179
感恩图报,9108
愧疚,10018
慰劳,9576
慰问,9576
懈怠,9198
懒惰,9198
成全,8493
成天,9508
成语,9317
或人,8954
战线,8888
截然不同,10275
戴德,9179
房子,10265
房屋,8719
房钱,8667
手表,8903
手足,8889
扒手,9174
打水,9218
打猎,10032
打胎,9123
打赌,10052
打趣,10363
打通,9565
打量,9939
打门,8931
打骂,9296
执戟,9790
执法,9920
扫地以尽,10266
扬汤止沸,10283
扬长而去,9856
扬长避短,8921
扮演,9310
扯谎,9034
扳谈,10327
扶养,10290
承先启后,9514
承办,8941
技击,10116
技痒,8922
抄写,9773
把脉,8629
投奔,9972
投宿,10079
投机,9983
投鼠忌器,9921
折腰,9244
抚养,10290
抚慰,9576
披发,10114
抬头,8735
抱头痛哭,9299
抱恨,9688
抵偿,8839
抵赖,10215
抽咽,9874
拂尘,9608
拂晓,9692
拂袖而去,9856
拍案而起,10143
拍照,9902
拐杖,9829
拘禁,10210
拘系,10210
拚命,9440
招徕,9436
招降纳叛,8743
拜年,10008
挂彩,9802
指摹,9185
指日可待,8916
按时,10059
挥金如土,9658
挥霍无度,9658
挨家挨户,8579
挪动,9804
挪用,10068
捉襟见肘,9782
捕捉,10210
捕获,10210
授予,10337
掉臂,9632
掌珠,9646
排印,8962
掠过,9630
接事,10358
接风,9608
控诉,10022
推举,9968
推拿,10089
推脱,10215
推诿,10215
推辞,10215
推选,9968
掮客,9893
提取,9458
搅拌,10197
搜捕,10210
搞乱,10185
搬场,8886
搬家,8886
搬迁,8886
搭客,10016
撒谎,9034
擦掌磨拳,8922
攀附,8876
支付,10064
支属,9287
支拨,10064
支路,9212
收尾,9271
收据,10067
收条,10067
收益,8625
改期,9099
改行,9259
攻城掠地,9357
放开,9718
放洋,8624
放火,8565
政治,10342
政绩,10268
故友,9247
故宅,9666
故旧,9247
效尤,10083
效法,10083
敌人,9105
敌手,9841
教室,9764
教材,8724
数量,10288
敲击,9104
敲打,9104
敲门,8931
敲门砖,9024
整天,9508
整日,9508
整装,9694
文句,8558
文案,10157
文移,10082
文虎,8982
文质彬彬,9050
斑白,10333
斑纹,9073
斗极,8798
斗殴,9859
新娘,8838
新式,9241
新闻,10206
旅店,9890
旅社,9890
旅舍,9890
旋转乾坤,10274
旗号,10125
旗子,10125
旗帜,10125
无关大局,8990
无声无息,9821
无故,9512
无端,9512
无精打采,10092
无际,9267
日夜,8826
日积月累,9313
日落西山,9003
旦夕,9201
旧历,9926
旧日,10053
早上,9692
早年,10053
早春,9291
早起,8590
早餐,10227
旮旯,8801
时令,8711
明天,9332
明年,8766
明日,9332
昏头昏脑,10046
昏暗,9170
星期,8686
春树暮云,10275
昭然若揭,10275
是以,10141
昼夜,8826
昼寝,9381
显耀,9001
显而易见,10275
晒台,10147
晕头转向,10046
晚上,10279
晦暗,9170
晨光,9692
晨夕,9201
晨曦,9692
暖锅,9845
暗中,9740
暗害,9578
暗记,10125
暗语,8636
暮气,8709
暴徒,9523
暴跳如雷,8566
暴风,8602
曙光,9692
曲意逢迎,9014
曲突徙薪,9619
更生,9602
更阑,9871
曾经,10083
曾经沧海,9369
替身,8966
最好,10142
月亮,8797
月俸,9272
月吉,10305
月尾,9279
月朔,10305
月终,9279
月经,9132
月老,8610
有声有色,8570
有恃无恐,9619
有条有理,8570
服侍,10290
服毒,9487
望族,9441
朝令夕改,10229
朝夕,9201
朝野上下,9172
木匠,9401
木工,9401
未始,9255
未曾,9255
未雨绸缪,9619
本分,8964
本地,9431
本家儿,8547
本心,9364
本日,10123
本旨,9364
机会,10078
机遇,10078
杀一儆百,9931
杂念,10056
权利,10000
权柄,10000
材质,10109
村落,10207
杜绝,9113
束装,9694
条子,9900
来之不易,9072
来回,9263
来宾,9181
来日,9332
来者不拒,10344
来路货,9592
杯水车薪,8927
杰作,10287
松开,8939
极刑,9156
极峰,10293
枵腹,9356
标兵,8769
标志,10125
标新立异,9917
栉风沐雨,8737
树大招风,9634
栖身,9785
校友,10244
桂花,9695
案卷,9965
案牍,10157
梢公,9582
梦乡,9564
梦话,8822
梦魇,8821
梵刹,8509
梵学,10118
梵宇,8509
棘手,9280
模型,9547
模子,9547
欠安,9352
欢蹦乱跳,9933
欧美,9289
欺善怕恶,9817
欺软怕硬,9817
歇宿,10354
歇手,8616
歉仄,10018
止痛药,10212
正宗,9548
正法,9725
正犯,8554
正统,9548
步兵,8648
步卒,8648
步步登高,8824
步队,9707
武士,8689
武备,8628
歧途,8905
歪七扭八,9532
死尸,8791
死气,8709
死罪,9156
死而复生,9320
死路,8974
残剩,9732
残渣余孽,10191
残羹冷炙,9598
每日,8665
毒害,8617
毒手,9280
比喻,9993
比年,8817
比方,9993
比来,9690
民众,10034
民俗,9250
气急败坏,8566
气绝,10054
水火之中,9676
水灾,8639
水货,9592
求和,8632
汉文,9686
汗青,9164
汗马功劳,10027
污名,9328
污水,10224
汽船,9553
汽锅,10055
沐日,9220
沟渠,9278
河边,8946
治病救人,9343
沾亲带故,8859
沾恩,9577
泉币,9143
法律,9920
法门,8613
泥土,8654
泥淖,9744
注射,9854
注销,8967
泪如泉涌,9483
泪流满面,9483
泰西,9289
洋囝囝,9852
洗刷,8657
洗涤,8657
洗濯,8657
洗礼,10066
洞窟,9768
洞若观火,10275
洪流,9163
活蹦乱跳,9933
派别,9751
派司,8943
流亡,8569
流年不利,9528
流浪,8569
流浪猫,10390
流落,8569
流言蜚语,9006
流露,10028
浅尝辄止,9898
浅浅,8845
浅笑,8543
济急,9761
浑浑沌沌,10046
浪子,8811
浮想联翩,10019
浴池,8727
海军,10166
海潮,10315
润泽,9355
淡淡,8845
深仇大恨,9190
深思远虑,9775
深谷,9552
混堂,8727
混混沌沌,10046
添补,10263
清凉,9990
清晨,9692
清水,8691
清洗,8657
清醒,9795
清香,9485
渎职,9269
渔人,9158
港口,9944
游客,10016
湿润,9580
溜之大吉,9386
溢于言表,9611
溺毙,9197
滋养,9355
滋味,10098
滔滔,8771
滞留,8701
满身,10131
漂泊,8569
漂流,8569
漂浮,8569
漆黑,9170
漆黑一团,8818
演义,9036
演员,9571
演奏,8680
漫步,9603
漫笔,10326
潮流,8879
火器,10177
火把,8652
火热,9730
火线,9359
火耨刀耕,9836
火药,8722
火锅,9845
灯红酒绿,8572
灰白,8926
灵柩,9607
灼热,9730
炊事,8785
炊火,8789
炫耀,8840
炮竹,9709
点燃,9350
炽热,9730
烟草,9031
热火朝天,9368
焚书坑儒,9772
熟稔,10034
燃烧,9350
燕服,9133
爆竹,9709
牙郎,9893
牢狱,9307
物价,9945
物品,10044
牲畜,8815
牵强,8516
犯人,9475
犯罪,9824
犯而不校,8878
狂奔,9402
狂言,9315
狂风,8602
狐假虎威,9619
狡辩,10215
狩猎,10032
独一无二,8907
独占鳌头,8622
独步天下,8907
独裁,9724
独辟蹊径,9917
猛然,10365
献艺,8514
玄门,9068
玉成,8493
玉蟾,8797
王老五,9111
玩法,9673
玩火自焚,9958
玩物,9490
环球,9936
现状,9891
理发,10368
琐事,9186
琐碎,8773
琳琅满目,10309
璧还,9301
瓢泼大雨,8767
生产,10057
生人,9222
生养,9801
生吞活剥,9898
生命,10025
生性,10009
生杀予夺,9333
生果,9100
生死关头,8993
生死存亡,8993
生病,8957
生路,10061
用处,9638
田庐,10096
田里,10096
甲鱼,9126
申雪,9811
男人,10094
男大须婚,9846
畏首畏尾,9921
留任,8541
留住,10077
留宿,10354
畴昔,10053
疆土,9976
疆场,9975
疑义,9844
疑云,9866
疑团,9866
病从口入,9383
痛不欲生,9483
痛定思痛,9483
痛心疾首,10143
痛饮,9056
瘦骨如柴,8861
癫狂,10011
登台,10069
登岸,9597
登载,9568
白云苍狗,8745
白头到老,10271
白手,9366
白日,8511
白昼,8511
白皙,9847
白费口舌,9447
百口,9502
百姓,10334
百孔千疮,9782
百年不遇,10058
皮开肉绽,9311
盈余,9732
盈利,9732
监工,9120
监牢,9307
监犯,9475
监狱,9307
监管,10210
盖世无双,9925
盗窃,8738
盗窟,10205
盗贼,9863
盛食厉兵,9227
盟国,8847
目次,9242
相忍为国,8878
相片,9496
省会,9625
省城,9625
看头,9851
看见,9609
看透,9851
真相大白,10301
真相毕露,10301
眼下,10214
眼前,10214
眼花,10137
眼见,10376
着名,10322
着手成春,9320
瞄准,9215
瞎扯,9995
瞎闹,9234
瞟见,9609
矛盾,9546
矜持,9991
矢口抵赖,8524
知名,10322
知遇之恩,9827
知音,10133
短兵相接,8997
短命,10228
短工,8942
矮子,9146
码头,9587
破绽百出,10301
确保,9530
碉堡,9117
碰壁,9376
磕头,10163
礼仪,9901
礼品,10324
礼尚往来,9270
礼让,9576
社交,9576
神人,8867
票据,10297
祸从天降,8706
禁锢,10210
种别,9124
种田,9909
种种,9428
秘诀,8613
租户,9380
租赁,8594
积年,8618
积德,9442
称呼,9555
移动,9804
移天换日,8749
移用,10068
程度,10226
稍纵即逝,9161
稚童,10298
稳扎稳打,9775
穷人,9410
穷凶极恶,10254
空前绝后,8907
空头支票,10229
空手,9366
空缺,10060
空论,8989
穿凿附会,9584
穿戴,8923
穿着,8923
突显,8794
窃窃私议,9071
窃窃私语,9071
窈窕淑女,9544
窍门,8613
窘境,9494
立德,8661
立足,8523
立锥之地,10339
竟日,9508
童叟无欺,9021
童谣,9417
端倪,9818
竹帛,9849
竹素,9849
笑貌,9681
笔记,9169
笔迹,8784
第三者,9457
等于,8568
筋疲力尽,8854
答复,9382
答非所问,9994
策略,10160
签署,9956
签订,9956
管帐,9813
管窥蠡测,10275
箭在弦上,9058
簿子,9199
类别,9124
粉墨登场,9873
精力,9955
精忠报国,9469
精疲力竭,8854
精神,9955
糟粕,9732
系缚,8897
素不相识,9152
素愿,9504
素昧平生,9152
索要,9458
絮聒,8929
繁琐,8773
繁衍,9864
红利,9732
红彤彤,9231
红色,10355
红颜,10013
约定俗成,8915
纳福,10198
纵然,9942
纷繁,9421
纸上谈兵,8544
纸醉金迷,8572
组成,9904
组织,10190
组装,8726
绅士,8805
细听,8635
细雨,9390
终南捷径,10340
经办,8941
经天纬地,9699
经籍,9337
绑缚,8897
结业,9617
结伙,9039
结盟,9435
绘声绘色,8570
绘影绘声,8570
绝路,8974
继往开来,9514
绪言,10085
绳索,8984
维妙维肖,8570
缉捕,10210
缉获,9045
缓兵之计,9805
缓急轻重,8570
缔盟,9435
编纂,8968
缘何,10117
缴获,9045
缺课,10346
罄竹难书,9573
网开一面,8758
罪该万死,10254
置锥之地,10339
署名,10144
羁系,10210
羊毫,9040
美不胜收,10309
美名,8910
美女,9012
美酒,9509
羞赧,10018
翅膀,8779
翦绺,9174
翱翔,10155
翻云覆雨,10229
老人,9996
老例,10083
老化,9398
老夫,10359
老头,9996
老婆,10369
老将,8750
老小,9779
老年,9661
老式,8833
老成持重,9775
老泪纵横,9483
老虎,10231
考语,9335
而后,9046
耐人寻味,9082
耐烦,9674
耳环,9621
耳语,8636
耿耿于怀,10275
聆听,8635
聊天,9519
职员,10350
联姻,8559
联盟,8751
联袂,10038
聚餐,10261
肇事,9886
肉瘤,9125
肝肠寸断,10291
肥大,9737
胆识,9810
胆量,9810
背信,9107
背信弃义,10129
背工,10033
背离,9411
背约,9107
胡扯,9995
胡混,9647
胡闹,9234
能手,10034
脑袋,8961
脚本,9897
脚迹,10024
脱稿,10336
脱险,8832
腰围,9800
腾云驾雾,8752
膏泽,10318
膏火,8521
膜拜,9895
膳食,8785
臃肿,9737
自夸,8793
自戕,8557
自投罗网,9958
自持,9991
自新,9678
自省,9741
自裁,8557
自诩,8793
至交,10133
至好,10133
至少,10234
致意,9576
舆图,9642
舞弊,9331
舞蹈,9663
舟师,10166
舵手,9582
舶来品,9592
船主,10156
船长,10156
艨艟,10035
良心,9364
良知,10133
艳妆,8768
艳装,8768
艳阳天,9557
艺人,9571
节余,9732
节律,9728
芬芳,9485
花匠,8669
花名,8692
花圃,10134
花白,10333
芳香,9485
芸窗,8626
苍白,8926
苦口婆心,9560
英明,9346
草菅人命,9333
草鞋,9541
荒无人烟,9878
荡子,8811
荡析离居,10193
荡舟,9832
荫庇,10325
药到病除,9320
莫非,10247
获救,9840
菲薄,9916
营私舞弊,9619
落叶归根,9076
落款,8683
著名,10322
葱茏,8545
蒸发,9375
虎伥,9826
虐政,9456
虚伪,9540
虚假,9540
虚怀若谷,9593
虚浮,9551
蛋白,9004
蜀犬吠日,10252
蜂拥,9570
蜚语,10070
蜻蜓点水,9898
蝉联,8541
融会贯通,8786
蠕动,9804
蠹虫,8716
血亏,8837
血印,9183
血汗,9684
血流如注,8695
血海深仇,9190
血肉模糊,9134
血肉横飞,9134
行家,10034
行止,10021
行贿,8599
行进,10026
衡宇,8719
衣裳,10115
表层,9011
衬托,8819
裸体,8552
褫夺,8960
西化,9815
西装,8996
要求,10152
见猎心喜,8922
规复,9382
视如草芥,9333
觉悟,9795
解围,9840
解答,9382
触怒,8864
言之成理,8734
言之有理,8734
言外之意,9560
言而无信,10229
言语,9868
警卫,10250
警句,8688
计上心头,9534
计谋,10160
订亲,9697
认罪,9131
讨帐,9471
讨饭,9064
讨饶,10003
让位,8627
让开,9419
记着,10239
讲义,8724
许多,10075
讹传,8756
论理学,8641
论资排辈,9537
讼师,9780
诀窍,8613
证据确凿,8892
识破,9851
诊脉,8629
词典,9461
诞生,10172
诤友,10133
该当,10074
语言,9868
诱骗,8919
诲人不倦,9560
诳言,10070
说谎,9034
说起,10086
诽语,9160
课堂,9764
调拨,10017
谈何容易,9072
谈天,9519
谈话,9868
谋事,9935
谋害,9578
谍报,10015
谎话,10070
谚语,9317
谣言,10070
谦恭,9576
谦虚,9576
谦让,9576
谨防,8503
谬种流传,10273
豪杰,9141
豪气,10320
负伤,9802
负债,9293
财主,9644
财务,10062
财大气粗,9771
财路,9365
贤明,9346
货品,10044
货物,10044
贬价,8587
贬值,9155
贴心,10133
贵客,10353
资产,10370
资料,10109
赋予,10337
赌博,10052
赌咒,9454
赍恨,9688
赏月,9233
赔了夫人又折兵,9399
赔偿,8839
赚钱,9732
赞口不绝,9510
赡养,10290
赢余,9732
赢利,9732
赤手,9366
赤身,8552
走卒,9826
走江湖,8918
走狗,9826
走路,8532
走马看花,9898
赴任,10358
赶早,9109
赶赴,9883
起早摸黑,9952
起早贪黑,9952
起码,10234
起草,9017
起落,9581
起飞,9511
趁机,8567
超级,8563
超群绝伦,8622
越俎代庖,9683
趋向,9717
足不出户,9689
足迹,10024
跃跃欲试,8922
跋文,9128
跌价,8587
跑码头,8918
跟班,9074
跪拜,9895
路程,8538
路费,8614
跳梁小丑,10191
跺脚,8681
踪迹,10024
身世,10172
身体,9984
身材,9984
轨制,9919
转业,9259
转危为安,9320
转瞬之间,9161
转败为功,9320
轮换,10178
轮番,10178
轰动一时,10237
轻渎,9497
辅弼,9899
辑录,8971
输送,9427
辩解,9342
边沿,10201
迁居,8886
过活,8605
运载,8782
运输,9427
近亲,9253
近在咫尺,8537
近日,10123
还俗,9880
还是,10083
这儿,9187
远古,8759
远望,9211
远眺,9211
远程,9312
违反,9411
连年,8817
连篇累牍,10043
迢遥,9635
迩来,9690
迫不得已,9397
追拿,10210
追根究底,8935
追踪,9992
退位,8627
送还,9301
逃窜,10362
逃难,9297
逊色,9770
透亮,9372
途径,8540
途经,9374
通令,8783
通报,9464
通衢,10373
逮捕,10210
逻辑学,8641
道士,9038
遗忘,9477
遗祸无穷,10072
遥望,9211
遨游,10155
遵法,8504
避债,9702
避重就轻,8928
邀请,9839
邃古,8759
邑宰,9679
那个,10101
那里,10238
邻人,8855
郑重其事,10343
郢政,8526
都市,10213
都邑,10213
配房,9875
酒店,9890
酒菜,9157
酣饮,9056
酷刑,10356
醒悟,9795
重办,9710
重建,10329
重担,9077
重生,9602
金迷纸醉,8572
金钱,9987
钱币,9143
铁丝网,8728
铁汉,9141
铸造,9353
销售,9090
锦囊妙计,10130
锦绣河山,9360
镇守,8550
镇日,9508
长叹,9479
长寿,9645
长眠,9294
长袖善舞,9671
长辈,10175
长途,9312
长逝,9294
门第,10172
闪开,9419
问题,10065
闲扯,9519
闲步,9603
闲聊,9519
闲话,9519
闲逛,10181
间谍,8777
闷热,9730
闹哄哄,9276
闺房,9028
闻人,8805
闻名遐迩,9762
防地,9091
阳间,10014
阴冷,9615
阴凉,9615
阴历,9926
阴暗,9170
阴雨,9170
阵地,9430
阵脚,9430
阶下囚,9475
阻绝,9113
阿姨,8912
降价,8587
陡峭,10264
陡然,10365
院子,8976
除夕,8800
陨泣,9874
陪伴,9074
陪衬,8819
陷坑,10190
陷害,9578
陷阱,10190
隆替,9000
隐士,10351
隐讳,9150
隐语,8636
隔开,8930
隔邻,8855
隔阂,9777
难免,8937
难如登天,9370
难看,9069
雄师,8978
雄风,9433
雇用,10270
雕栏,9675
雪冤,9811
零售,8634
需求,10047
霄壤之别,10275
露台,10147
霹雷,9429
青出于蓝,9202
青天,9538
青红皁白,10275
青葱,8598
非同寻常,9938
非法,9824
非论,9022
面目全非,9889
鞠躬,8676
韫椟藏珠,9393
韬光晦迹,9393
音书,10206
顶撞,9023
顺道,9861
顾主,9235
顾此失彼,9782
顿挫,10106
预定,8578
领情,9176
领港,8597
风云际会,10071
风俗,9250
风土人情,9903
风筝,9706
风调雨顺,9351
飘动,10155
食客,9414
食言,9107
食言而肥,10229
餬口,9653
饥不择食,9980
饥寒交迫,8808
饥饿,8853
饭桶,9833
饭馆,8841
饮水思源,10302
饮泣,9874
饰演,9310
饱经世故,9369
饲养,8630
首次,9151
首都,9349
首饰,10036
首鼠两端,9251
香烟,9031
香闺,9028
马前卒,9821
驻守,8664
驼背,10219
骄奢淫佚,8572
骄子,9734
骗局,10190
骨瘦如豺,8495
骨肉,8603
骨董,9488
高人一等,10272
高作,8866
高唱,9095
高峰,9505
高攀,8876
高朋,10353
高档,9061
高楼大厦,8584
鬼怪,9778
鬼混,9647
鬼话,10070
鬼迷心窍,8979
魂灵,9955
鲜衣美食,9658
鸡犬升天,9704
鸩杀,9727
鸿鹄之志,9112
鹰犬,9826
黉舍,8615
黎明,9692
黑压压,9729
黑夜,10279
黑点,9016
黑甜乡,9564
黑色,10221
黑钱,10045
黯淡,9170
黯淡无光,9969
鼠目寸光,9898
龙争虎斗,8997
龟龄,9645
一丝一毫,9877
一举两得,9493
一了百当,10179
一劳永逸,10179
一壁,9189
一天,9508
一孔之见,9898
一字千金,10328
一差二错,9326
一应俱全,10048
一扫而空,10266
一掷千金,9658
一无是处,10189
一时半刻,9161
一曝十寒,9898
一月,10150
一朝,9595
一清二楚,10275
一目了然,10275
一言一行,9154
一言以蔽之,10292
一路货色,9195
一边,9189
一面,9189
一面之辞,8638
丁壮,9053
万事亨通,9391
万事大吉,9391
万籁俱寂,9130
万贯家财,9771
万马奔腾,9368
丈夫,10094
三军,8901
三言两语,9985
上午,9579
上司,9620
上吊,9238
上圈套,9282
上次,8830
上级,9620
上苍,9538
上面,9820
下层,9589
下班,8697
下级,9481
不三不四,9539
不共戴天,9180
不可企及,8775
不可磨灭,9159
不吝,9627
不堪,8849
不堪入目,8748
不堪回首,9483
不当,9466
不必,8621
不慎,10300
不日,10123
不期而遇,9476
不消,8621
不理,8893
不甘示弱,9873
不睬,8893
不破不立,9917
不负众望,9219
不辞劳苦,8737
不辞而别,9386
不辱使命,9219
不适,9466
不长进,9765
与众不同,9917
丑陋,9069
专家,10034
世世代代,9084
丛林,9498
东床,8975
东拉西扯,10347
东道主,9101
东风,9378
严寒,10295
严防,8503
严阵以待,9227
丧尽天良,10254
丧权辱国,8862
丧祭,8898
中听,8704
中国,8895
中官,8730
中馈,8703
丰收,9226
丰腴,9737
临渊羡鱼,9696
临蓐,10057
丹青,9208
为民除害,8992
主妇,8703
举一反三,8786
举世,9936
举世瞩目,10275
举手投足,9273
举荐,9968
乌黑,9170
乐园,8694
乐陶陶,10002
乔装打扮,9889
乔迁,8886
乖巧,9443
乘隙,8567
九泉,10303
乞丐,8814
乞假,9467
乞请,10152
乞贷,10136
乞降,8632
习俗,9250
习性,9250
乡下,10207
乡村,10207
书厨,9213
书斋,8626
书生,9468
书籍,9849
买办,9651
乳名,9119
乳母,9855
了不起,8643
事主,8547
事理,8981
于事无补,8927
于今,9525
亏欠,9738
亏空,9738
云鬓,9660
云鬟,9660
互相,9451
五体投地,8868
亡命,8569
亨衢,10373
享受,10198
京师,9349
亭亭玉立,8699
亲事,8668
亲信,10133
亲友,8860
亲属,9287
亵服,9745
亵渎,9497
人云亦云,9020
人口,9439
人员,10350
人定胜天,9047
人工流产,9123
人心向背,9907
人性,10217
人道,10217
仆人,8881
仇敌,9105
今天,10123
今年,10049
今生,8739
今非昔比,9720
介绍,9968
从属,10127
从戎,9790
从新,8740
从此,10090
从长计议,9775
仕进,9265
他乡,10276
仗势欺人,9619
付与,10337
付梓,8962
令人发指,8566
令嫒,9646
以免,8940
以其人之道，还治其人之身,9079
以后,10090
以外,10330
以屈求伸,9175
以己度人,10242
以攻为守,9175
以是,10141
以权谋私,9619
仪式,9963
仪表堂堂,9793
价格,10317
价钱,10317
仿单,8914
仿效,10083
仿照,10083
仿造,10083
伏罪,9131
众叛亲离,9478
众怒,9915
众所周知,10275
众矢之的,9634
优势,10168
优惠,9042
优等,8515
伙食,8785
会堂,9713
传教,9769
伤弓之鸟,9184
似懂非懂,9898
似是而非,10301
佃农,9380
低三下四,8846
低声下气,8846
住宅,8577
住户,9807
住院,9831
体格,9295
何为,10248
何以,10117
何在,8781
何必,8621
余地,9585
佛学,10118
佛寺,8509
作业,10006
作恶多端,10254
你死我活,9180
佳人,9030
佳构,10287
使劲,9867
例如,9993
侏儒,9146
供应,9129
依依惜别,8530
依旧,10083
依然,10083
侨民,9379
便当,9928
便条,9900
俊杰,9141
俗话,10023
保证,9530
保镳,10250
修业,8788
俯瞰,10335
倒塌,9913
借券,9118
借据,9118
借条,9118
借款,10136
借重,8810
假日,9220
偏听偏信,8638
偏畸,9246
偏袒,9246
停战,8774
停步,9884
健忘,9477
偷工减料,9898
偷窃,8738
像模像样,10343
儿女情长,10275
儿歌,9417
元凶,10366
元勋,9574
兄弟,8889
充任,10259
充数,9604
充饥,9405
先兆,9622
先入为主,9774
先入之见,9774
先声夺人,9404
先考,9542
克复,9382
免得,8940
兜销,9325
入伍,9790
入夜,9319
入狱,10209
全愈,9513
全能,8502
全身,10131
公事,9007
公共,10034
公平交易,9021
公民,10334
共识,9680
共鸣,9680
兴会,8981
兴味,8981
兴工,9556
兴师,9636
兴替,9000
兴衰,9000
兴趣,8981
兵书,10160
兵器,10177
兵法,10160
兵营,8593
其中,9959
具名,10144
典礼,9963
典质,10260
养分,9486
养父,9284
养痈成患,10072
养痈遗患,10072
养虎伤身,10072
兼容并包,8899
兼而有之,8899
兼顾,9759
内人,10369
内助,10369
内外,9872
内室,9028
内疚,10018
内衣,9745
再生,9602
再醮,10004
冒险,8780
写作,9010
写照,8790
军人,8689
军力,9524
军功,8651
军械,10177
军营,8593
农事,9223
农人,10349
农历,9926
农户,10158
农民,10349
冲洗,8657
冲要,9982
决战,10203
况且,10255
冷光,10165
冷气,8522
冷语冰人,9018
净水,8691
凉意,9067
减价,8587
减刑,8513
凡间,10014
凶事,8951
凶兆,9257
出亡,8569
出产,10057
出兵,9636
出卖,9090
出国,8624
出家,10093
出尔反尔,10229
出息,8588
出谋献策,8958
出身,10172
出险,8832
刀耕火耨,9836
分娩,10057
分心,9569
分担,10307
分爨,9005
切身,8757
刊出,8967
刊登,9568
划算,9086
划船,9832
刚才,9981
初衷,8685
初试锋芒,10272
初露锋芒,10272
删减,9196
删节,9522
判若两人,10275
判若鸿沟,10275
利息,8795
利钱,8795
别名,9596
刮目相看,9080
到差,10358
到达,10020
制品,8675
刺骨,9318
刻期,10123
刻骨铭心,10275
剃头,10368
削价,8587
前人,8700
前列,9359
前去,9883
前夕,9575
前所未有,8907
前所未闻,8907
前提,10152
前方,9359
前无古人,8907
前次,8830
前面,9359
剖析,8725
剩余,9732
劝慰,9576
功德,10280
功德圆满,10179
功臣,9574
加剧,9032
加添,8839
加速,10180
动工,9556
努目,10278
劲头,9388
勃然大怒,8566
勒令,8933
勘测,10251
勾勒,9083
勾栏,9358
包揽,8941
包管,9530
北里,9358
匹俦,10050
区域,9914
医师,9857
十字街头,9531
十字路口,9531
十羊九牧,8927
千金,9646
半路,8696
华山,9043
卓有成效,8505
单子,10297
卖弄,8840
南方,9716
南边,9716
博大精深,9699
博爱,8936
博览会,8582
卧室,8932
卫兵,10250
印章,8645
即使,9942
即日,10123
卷烟,9031
历历在目,10275
原料,10109
原璧归赵,9277
原籍,8533
厢房,9875
厮闹,9234
去年,9870
县令,9679
及格,9756
反其道而行之,10042
反响,10371
反客为主,9302
反正,9953
发人深省,9500
发傻,9499
发兵,9636
发卖,9090
发号施令,8658
发难,9583
取水,9218
取而代之,9711
受孕,10161
受骗,9282
变化无常,8745
变化无穷,8745
变幻莫测,8745
叛国,10088
叛逃,9092
口传,9275
口传心授,9641
口号,9002
口吻,9085
口味,9858
口岸,9944
口惠而实不至,10229
口气,9085
口胃,9858
口试,8733
口语,9300
口说无凭,9986
古刹,9521
另眼看待,9080
另辟蹊径,9917
叩头,10163
只身,9111
可乐,8829
可笑,9384
史书,9164
史册,9164
史籍,9164
司帐,9813
司法,9920
司理,9232
各人,10034
各处,10107
各种各样,10048
合力,9572
合家,9502
合格,9756
合浦还珠,9277
合谋,10030
吊丧,8898
同学,9988
同年,10316
同归于尽,8746
同盟,8751
同砚,9988
同辈,8527
名噪一时,8517
名扬四海,9762
名流,8805
名门,9441
后世,8604
后代,8604
后手,10033
后来,9905
后继有人,9460
吐刚茹柔,9817
吐逆,8506
吐露,10028
否则,9245
含垢忍辱,8878
含笑,8543
听凭,10310
启碇,9814
启程,9814
启航,9814
启齿,10375
吸引,10225
吹捧,8671
告假,9467
告罪,10018
告贷,10136
告饶,10003
呓语,8822
员工,8650
呱呱坠地,8647
命名,8677
哀告,10152
哀求,10152
哀鸿,9394
哀鸿遍野,9782
哄传,9171
哈腰,8676
响应,10371
响马,9863
哨兵,8769
哭泣,9874
商场,8576
商定,9964
商标,10281
商谈,9519
啼饥号寒,8808
喂养,8630
善人,10364
善心,10108
喘气,9606
喜信,9628
喜剧,9808
喽啰,9826
囚犯,9475
四处,10107
四平八稳,9775
四海为家,10193
四面八方,9970
回乡,9918
回扣,10033
回来,8761
回音,8913
因祸得福,10332
因缘,9121
园丁,8669
国度,8678
国民,10334
国法,9920
图利,9983
图穷匕见,10301
土匪,9747
土地,10361
土语,9922
土音,9922
在在,10107
地区,9914
地狱,8959
地震,8956
均摊,9424
坍塌,9719
坐井观天,9898
坐牢,10209
坐褥,10057
坐镇,8550
坑害,9578
坑绷拐骗,8553
垂手可得,9273
垂纶,9396
垂钓,9396
垮台,9629
城市,10213
塌陷,9719
塞翁失马,10332
填补,8839
增多,10263
墟落,10207
壮志凌云,9112
声势,8583
处处,10107
处死,9725
备案,9973
复员,9259
复活,9602
夏天,8834
外侨,9379
外国,8973
外相,10039
外衣,8714
外语,9236
夙愿,9504
夙昔,10053
多少,8573
多数,8827
多种多样,10048
多财善贾,9671
夜半,9871
夜晚,10279
夜阑,9871
大众,10034
大军,8978
大吃大喝,9980
大地,8963
大声,9103
大处落墨,9517
大夫,9857
大师,10034
大年夜,8800
大德,8906
大志,9830
大惊失色,8575
大惊小怪,10252
大户,9441
大手大脚,9658
大是大非,10275
大显身手,9506
大有可为,9506
大水,9163
大班,9651
大言,9315
大路,10373
大都,8827
大量,10075
大陆,10182
天下,10103
天亮,9692
天台,10147
天命,10159
天堂,9687
天壤之别,10275
天外,9367
天子,8655
天宫,9763
天怒人怨,8566
天方夜谭,9006
天旋地转,8670
天涯,9387
天涯比邻,8537
天理昭彰,9362
天网恢恢,10360
天职,8964
天荒地老,9787
太古,8759
夫妇,10050
夫妻,10050
失业,9389
失信,9107
失容,9770
失神,9770
失笑,9492
失算,9896
失约,9107
失责,9269
失路,8796
头路,9818
夹帐,10033
奈何,10102
奉养,10290
奉陪,9074
奔跑,9062
奠定,9306
奴仆,9074
奴婢,9074
奸贼,8944
奸骗,9348
好学,9735
好意,10108
好斗,9339
好汉,9141
如故,10083
如梦初醒,10105
如箭在弦,9058
如若,9942
如许,9586
妄言,9588
妒忌,8904
委曲求全,8878
姨妈,8912
姨娘,8912
威声,9409
娘家,8528
娘舅,8684
娼寮,9358
媒人,8610
媒妁,8610
媳妇,9115
嫡派,8662
嫡系,8662
子民,10334
孔武有力,9316
孕珠,10161
字号,10281
字迹,8784
存亡,10138
存身,8523
存问,9576
季节,8711
孤陋寡闻,9898
学校,8615
孩童,10298
宅兆,8911
宇宙,10103
安在,8781
宗派,9751
定名,8677
定罪,8571
宝物,8592
宠儿,9734
审判,8755
审定,9147
审时度势,10242
客人,9181
客厅,8623
客套,9576
客岁,9870
客店,9890
宣誓,9454
宦途,9766
宰相,9899
害群之马,10191
害臊,10216
家产,10370
家喻户晓,10275
家破人亡,10193
容身,8523
宽慰,9576
宽限,9099
宾客,9181
宿将,8750
寂寂无闻,9821
寄父,9284
密友,10133
密告,9463
密意,10001
密斯,10235
密码,10125
富可敌国,9771
寒光,10165
寒气,8522
寒风,9281
寓所,8924
寝兵,8774
察访,9224
寥寥可数,9877
寥若晨星,9877
寸心,9947
寸衷,9947
对不起,10018
对弈,8690
对手,9841
对换,8765
对方,10146
对联,8770
寻开心,8512
小偷,9174
小品,10326
小孩,10298
小窃,9174
小说,9036
少女,9733
少年老成,9775
尘世,10014
尘土,8642
尘间,10014
就任,10358
就职,10358
尸骨,8791
尽忠,9260
局促,8601
属员,9481
屠夫,9035
履约,8865
山公,9455
山君,10231
山寨,10205
山洞,9188
岁数,9051
岁暮,9698
岩穴,9188
岳丈,9292
峭壁,9781
崇洋媚外,8862
巅峰,10293
川资,8614
州官,10233
州长,10233
巡游,8972
巡礼,8972
左支右绌,9782
左袒,9246
巨匠,10034
巨子,9640
巨擘,9640
已经,10083
市价,9945
市肆,8885
市道,9828
市集,8576
布局,10190
帆船,8562
帮凶,10133
常人,8600
常例,10083
干劲,9388
干父,9284
干爹,9284
干犯,10218
平均,9418
平坦,9423
平旦,9692
平民,10334
平滑,9423
平缓,9423
平辈,8527
年事,9051
年终,9698
年轻,9363
年轻力壮,9316
年青,9363
年齿,9051
并且,10255
并驾齐驱,9027
幼童,9797
幽囚,10210
幽灵,8858
幽魂,8858
庄稼,9223
庇荫,10325
序言,10085
序论,10085
庐山真面,10301
应急,9761
应时,8908
应试,9403
店主,9960
店员,8542
庙门,10151
度德量力,10242
度日,8605
座无虚席,10145
庭院,8976
庶务,9186
庶民,10334
庸人自扰,9055
建功立事,9336
开工,9556
开拔,9814
开水,8644
开玩笑,8512
开罪,10218
开赴,9814
异乎寻常,9917
异域,10276
异邦,8973
弃恶从善,10105
弃暗投明,9889
弄法,9673
引以为戒,9473
引颈,10176
弘愿,9830
弛刑,8513
弟妇,9274
弯腰,8676
弹丸之地,10339
强人,9141
强敌,9962
强烈,10111
强盗,9747
强调,9767
归去,10135
归来,8761
当今,10214
当代,9535
当令,8908
当兵,9790
当前,10214
当局,10139
当年,10053
当日,8646
当时,9445
录音,8535
形体,9786
彬彬有礼,9050
彭湃,10199
彰善瘅恶,8619
往常,10053
往日,10053
往返,9263
征候,9622
征兆,9622
征途,8763
徇私舞弊,9619
徒手,9366
得手,8799
得救,9840
得罪,10218
得道多助,9907
循环,8718
德高望重,9726
心悦诚服,8868
心曲,8705
心肠,10186
心胸,9879
心驰神往,9685
必经之路,10340
忌讳,9150
忐忑,8601
志大才疏,9898
忘却,9477
忘掉,9477
忘记,9477
快要,8787
念佛,10313
念念不忘,10275
念经,10313
态度,8663
怎样,10102
怒冲冲,9136
怒火中烧,8566
怒目,10278
怒视,10278
怙恃,10267
怡然,10357
急功近利,9898
怨天尤人,9610
怨家,9105
总是,9825
总额,8850
恋爱,9426
恍然大悟,10105
恩义,10318
恩典,10318
恩泽,10318
恶作剧,8512
恶意,8620
恶疾,9432
恶贯满盈,10254
恶魔,10341
恼羞成怒,8566
悄然无声,9821
悔不当初,8580
悔之不及,8580
悔悟,8952
悬崖,9781
悬念,9866
悬赏,9474
情人,10312
情急智生,9534
情报,10015
惊弓之鸟,9184
惨不忍闻,10254
惩前毖后,10073
惶遽,10321
愁眉锁眼,10140
意中人,9425
意味深长,9560
感冒,9999
慌不择路,9980
慢悠悠,10037
慢腾腾,10037
慰藉,9576
憬悟,9795
戎狄,9097
戎行,9707
戏子,9571
戏谑,9650
戏院,9752
成仇,9954
成本,9934
战功,8651
战场,9975
战火,9149
户外,9054
房东,10367
房主,10367
房客,9380
所作所为,9154
手下,9481
手下留情,8546
手刺,8909
手印,9185
手杖,9829
才华盖世,9094
打斗,9859
托辞,9048
扣头,9221
扣留,10210
执政,10063
执笔,9843
扪心自问,9207
扫地出门,10266
扳话,10327
批发,8634
承前启后,9514
承载,8782
抄本,10308
抄袭,10113
抒怀,9060
投亲,9178
投其所好,9014
投军,9790
投契,9983
投止,10079
投靠,9972
抱头大哭,9299
抱头鼠窜,9386
抵牾,9546
抵触,9546
抵达,10020
抽噎,9874
抽泣,9874
抽烟,9230
拂过,9630
担保,9530
拉三扯四,10099
拉拉扯扯,10099
拍手,8518
拐骗,8919
拖沓,9599
拖泥带水,10043
拘留,10210
招兵买马,8743
招引,10225
招牌,10281
拨乱反正,10274
拨弄,9842
拼命,9440
拼死,9440
拼装,8726
挂花,9802
指手划脚,9288
按期,10174
挞伐,9792
捆绑,8897
损兵折将,9399
捶打,9104
捷报,9628
授课,8720
掉包,9668
掌上明珠,9658
探亲,9178
探险,8780
接壤,9691
接班,9078
推卸,10215
推荐,9968
推销,8753
掩袭,9422
揆情度理,10242
提供,9129
提前,10183
提早,10183
握管,9843
援笔,9843
搅散,10185
搭车,8950
摄影,9902
摇尾乞怜,8862
摊开,9718
摹仿,10083
撒野,8609
播洒,9192
播种,9192
擢发难数,9573
攀登,9029
攀谈,10327
支出,10064
收复,9382
收容,9026
收手,8616
收留,9026
改名易姓,9889
改头换面,9889
改嫁,10004
改朝换代,9711
改过,9678
改过自新,9889
改过迁善,9889
攻城略地,9357
放工,8697
放松,8939
放浪形骸,9323
政界,9041
故交,9247
故国,8520
故居,9666
效忠,9260
救死扶伤,9343
救火投薪,10283
敢作敢为,10007
散工,8942
散步,9603
数目,10288
敲榨勒索,9619
敲诈勒索,9619
敲骨吸髓,9619
整整齐齐,8570
敷衍塞责,9898
文不对题,9994
文件,8633
文体,9748
文定,9697
文过饰非,9889
斑点,9016
斑驳陆离,10048
料事如神,10277
斥候,8769
断章取义,9584
新仇旧恨,9190
新型,9241
新妇,8838
新年,9093
方寸之地,10339
方才,9981
施工,9556
旁证,9876
旅程,8538
旅途,8538
旌旗,10125
旖旎风光,9360
旗头,9760
无关紧要,8990
无可奈何,9397
无可比拟,8907
无名小卒,9821
无尽,9267
无庸赘述,10275
无忧无虑,10331
无所不至,8803
无穷无尽,10048
无赖,9243
无边,9267
无边无际,10048
无限,9267
日夕,9201
日记,8852
日进斗金,9771
日间,8511
旧例,10083
旧友,9247
旧年,9870
旧式,8833
旧手,10034
旨酒,9509
早夭,10228
早晨,9692
旭日,9692
时不我待,9527
时值,9945
时节,8711
时运不济,9528
旷古,8759
昂首,8735
昆季,8889
昆裔,8604
明察暗访,10275
明察秋毫,10275
明日黄花,9406
明晃晃,9729
明示,9613
昏天黑地,8818
昏昏沉沉,10046
昏迷,9194
易如反掌,9273
昔人,8700
昔时,10053
昙花一现,9161
星期日,9812
春天,9966
春联,8770
是非分明,10319
显赫,9001
晦涩,10081
晶莹,9372
智囊,9789
暗号,10125
暗地,9740
暗流,8500
暗淡,9170
暗潮,8500
暗码,10125
暗算,9578
暗送秋波,8831
暴戾恣睢,10254
暴政,9456
暴露无遗,10301
曩昔,10053
曲意奉迎,9014
曲调,8525
曾几何时,9161
替人,8966
最近,9690
月事,9132
月底,9279
有口难辩,8507
有名,10322
有备无患,9619
有所作为,9506
有效,9910
有来有往,9270
有目共睹,10275
有趣,8981
朋友,10133
服罪,9131
服膺,9200
望尘莫及,8775
望见,9609
朝思暮想,10275
朝秦暮楚,10229
朝阳,9692
木料,10164
木材,10164
未来,9332
末节,9912
本子,9199
本末倒置,9302
朱唇皓齿,8828
朱门,9441
朱颜,10013
机不可失,9527
机关,10190
机缘,10078
机能,9776
杀人如麻,9333
权力,10000
权威,9640
权要,9927
权门,9441
材料,10109
村庄,10207
杞人忧天,9055
条文,8812
条目,10152
条规,8812
条记,9169
来到,10020
板屋,9065
极点,10323
构怨,9954
构陷,9578
枕戈待旦,9227
查访,9224
标记,10125
核定,9147
桃之夭夭,9386
档册,9965
档案,9965
梦境,9564
梦寐以求,9685
检点,8977
棋战,8690
森林,9498
棺木,9607
横征暴敛,9619
横竖,9953
欠妥,9466
欲言又止,9251
欺人之谈,9757
款子,9987
款项,9987
止步,9884
正义,10171
正人,9659
正午,9758
正理,10171
正规,9334
正途,9334
正道,9334
步步为营,9775
步行,8532
歧路,9212
歪斜,8995
歪缠,9234
歹徒,9523
死刑,9156
死去活来,9320
死活,10138
殊效,9229
残存,9732
残破,8732
残羹剩饭,9598
残茶剩饭,9598
比及,10194
毕恭毕敬,9075
毕生,9834
毛手毛脚,9898
毛笔,9040
民不聊生,9676
民心,8816
民怨沸腾,9329
民气,8816
民生凋敝,9782
民生国计,9562
民风,9250
气冲冲,9136
气味,10051
气喘吁吁,8566
气喘如牛,8566
气度,9879
气氛,9667
水兵,10166
水平,10226
水手,9582
水果,9100
水沟,9278
水涨船高,9911
水深火热,9676
水渠,9278
水脚,8614
水落石出,10301
永垂不朽,9159
永夜,9261
求之不得,9685
求学,8788
求情,8560
求过于供,8927
求饶,10003
汉子,10094
沉睡,9600
沙场,9975
沙滩,9166
沧海一粟,9877
河流,10041
河滨,8946
沸水,8644
治下,9481
治罪,8571
治装,9694
沽名钓誉,9898
沾亲带友,8859
沿用,9240
泉台,9626
法令,9920
法场,9285
法宝,8592
法眼,9216
法纪,9712
波涛,8710
泣不成声,9483
泥坑,9744
泪眼汪汪,9483
泾渭分明,10275
洗手不干,9889
洞房花烛,10262
洪水,9163
活捉,9971
活灵活现,8570
活蹦活跳,9933
活门,10061
活龙活现,8570
流民,9394
流泪,9874
流派,9751
流离失所,10193
流离颠沛,10193
流言,10070
流连忘返,8530
浑浑噩噩,10046
浪潮,10315
浮光掠影,9898
浮名,10070
浮泛,9551
海外,9853
浸礼,10066
涕泗滂沱,9483
淋漓尽致,10043
淡忘,9477
淮南鸡犬,9704
深交,10133
深入人心,10275
深恶痛绝,10143
深情,10001
深渊,9552
混名,8692
混蛋,8715
淹留,8701
清客,8934
清早,9692
清点,9484
渔利,9983
渔夫,9158
温习,9654
温情脉脉,9050
渺无人烟,9878
溜达,9603
溶化,10311
溶解,10311
溺死,9197
滂沱大雨,8767
滋润,9355
滚水,8644
滚滚,8771
滚蛋,9144
满园春色,9225
满城风雨,10237
满腹狐疑,10243
漏洞百出,10301
漏网之鱼,9184
漫无边际,10048
漫游,10155
潜逃,9092
潮水,8879
潮湿,9580
澎湃,10199
澡堂,8727
激烈,10111
灌注,10253
火冒三丈,8566
火灾,10162
火炬,8652
火警,10162
火食,8789
灭顶,9197
灯谜,8982
灵榇,9607
灾民,9394
炎阳,9803
炙热,9730
炸药,8722
炽烈,9730
烈士,9096
烈日,9803
烘托,8819
烛炬,9961
热水,8644
热烈,10111
热烘烘,9400
热腾腾,9400
烹调,9822
烹饪,9822
焕然一新,9889
焕然如新,9889
焚典坑儒,9772
焚烧,9350
煤油,10211
照射,10348
照旧,10083
照片,9496
照相,9902
熔化,10311
熔解,10311
熟手,10034
燕尔新婚,10262
爆仗,9709
爱人,10312
父母,10267
父老,10175
片子,8764
牙人,9893
牟利,9983
牢牢,8510
物业,10370
物尽其用,8586
物资,8595
特务,8777
特工,8777
犯法,9824
狂饮,9056
狐臭,9327
狗仗人势,9619
独具匠心,9917
独树一帜,9917
狭小,8601
狭窄,8601
狭隘,8601
狸猫,10390
猝然,10365
猥琐,9662
献技,8514
猴年马月,9787
玄学,8987
玄色,10221
率马以骥,9739
玉人,9012
玉轮,8797
王八蛋,8715
王法,9920
王谢,9441
玩具,9490
玩笑,10363
现在,10214
珍宝,8592
珐琅,9008
珠还合浦,9277
甘拜下风,8868
甜睡,9600
生日,8969
生死攸关,8993
生离死别,8736
用场,9638
用膳,8778
用途,9638
田舍,10158
田鸡,9470
甲士,8689
甲等,8515
电扇,8983
男子,10094
畅饮,9056
界说,9520
留步,9884
疑问,9844
疑难,9844
疮痍满目,9782
疲惫不堪,8854
疾走,9402
病国殃民,9536
病愈,9513
痊愈,9513
痕迹,10024
痛哭流涕,9483
痛快淋漓,10043
瘦骨嶙峋,8495
登记,9973
登陆,9597
白净,9847
白发,10173
白发苍苍,9266
白叟,9996
白天,8511
白头相守,10271
白纸黑字,8892
白花花,9729
百里挑一,9877
皇室,9049
皮毛,10039
监禁,10210
盗取,8738
盗汗,9321
盘弄,9842
盘缠,8614
盘货,9484
盛衰,9000
盛饰,8768
目下,10214
目击,10376
目录,9242
直观,8702
相互,9451
相差,9656
相沿,9240
相知,10133
相辅相成,8884
省垣,9625
省得,8940
眉目,9818
真义,8981
真理,8981
真话,9135
眩晕,9194
眷属,9549
眺望,9211
眼中钉,9746
眼巴巴,8760
眼睁睁,8760
眼高手低,9898
督工,9120
瞎说,9995
瞥见,9609
瞽者,10084
矢在弦上,9058
知交,10133
知识,9052
矫枉过正,9526
矬子,9146
短文,10326
石匠,9888
石工,9888
石油,10211
砭骨,9318
破旧立新,9917
硬汉,9141
碧绿,8545
碰见,9476
碰钉子,9376
示弱,10374
示范,8611
礼堂,9713
礼拜,8686
礼物,10324
礼聘,9839
祈祷,10005
祖先,8679
祖国,8520
祖宗,8679
祝嘏,8660
祝寿,8660
神不知，鬼不觉,9821
神仙,8955
神通广大,8896
祭奠,8947
祭祀,8947
祷告,10005
祸根,8612
祸端,8612
离乡背井,10193
秀色可餐,9544
私交,9254
私塾,8615
私邸,9373
秃头,10236
种地,9909
科场,9081
科技,9708
科罪,8571
租借,8594
秩序井然,8570
积善,9442
称号,9555
移民,9379
稚嫩,8656
稠人广众,10275
稳操胜券,9273
稼穑,9223
稿本,9743
穷奢极侈,9658
穷奢极欲,8572
空口无凭,9986
空心,9356
空腹,9356
空话,8989
窄小,8601
窟窿,9768
窥豹一斑,9344
立品,9102
立场,8663
立竿见影,8505
立誓,9454
立身,9102
竞走,8501
章台,9358
端坐,10153
笑剧,9808
笑容,9681
笑脸,9681
笑颜,9681
符号,10125
第宅,9373
等到,10194
等第,8848
等级,8848
答案,8894
策应,9314
筹措,10269
简明扼要,9985
管中窥豹,8825
管见所及,9898
粗壮,9416
粗大,9416
粗心大意,9898
粗枝大叶,9898
粥少僧多,8927
精品,10287
糊里糊涂,10046
系族,9268
索取,9458
紧紧,8510
紧要关头,8993
紧锣密鼓,8570
繁殖,9864
红尘,10014
红通通,9231
约定,9964
约请,9839
纪录,9799
纳贿,9967
纵火,8565
纷纭,9421
细君,10369
终日,9508
终生,9834
经书,9337
经年累月,9787
经理,9232
经纪,9893
结余,9732
结党营私,9619
结怨,9954
绘图,9558
给予,10337
绝口,9932
绝壁,9781
绰号,8692
绳子,8984
缄口,9932
缓不济急,8640
缓步,9603
缔结,9956
编录,8971
缘分,9121
罪大恶极,10254
罪恶滔天,10254
罪有应得,9958
羞怯,10216
羞愤,8998
羞愧,10018
群众,10034
羽士,9038
羽翼,8779
翰墨,10040
翻山越岭,8737
老板,9960
老气,8709
老翁,9996
而今,10214
耐性,9674
耕具,9452
耕种,9192
耳濡目染,10148
耳闻则诵,10148
职工,8650
联婚,8559
聘请,9839
聪明才智,8713
肄业,8788
肉中刺,9746
肚量,9879
背地,9740
胜任,8717
胜友如云,10071
胡说,9995
胸怀,9879
能人,9141
脓包,9833
脚印,10024
脚色,9448
脱期,9099
脱颖而出,10272
腊尾,9698
腋臭,9327
腕表,8903
腰缠万贯,9771
腹地,10182
膺选,9806
自作自受,9958
自卑,10018
自取灭亡,9958
自后,9905
自命,9563
自尽,8557
自己,10200
自掘坟墓,9958
自杀,8557
自相矛盾,10301
臭名昭著,9495
至亲,9253
至人,10241
航行,10155
船厂,8792
良人,10094
艳服,8870
节拍,9728
芒刃,9633
芒鞋,9541
花天酒地,8572
花枝招展,10256
花花世界,8572
花草,10196
花钱,9450
苍翠,8545
苛政,9456
苟安,9262
若是,9942
若有若无,9550
若隐若现,9550
苦不可言,9168
英豪,9141
英雄,9141
茅厕,10372
茶肆,9533
草拟,9017
草泽,10110
获咎,10218
获罪,10218
萍水相逢,9152
营养,9486
落价,8587
葬送,9434
葱翠,8545
蓬门,9441
蔚成风气,8915
蔚然成风,8915
蔚蓝,8985
蔼然可亲,9593
藉端,9048
藉词,9048
虎头蛇尾,9898
虎将,9037
虎帐,8593
蛀牙,10345
蛮夷,9097
蜗行牛步,8640
蜡烛,9961
融化,10311
融解,10311
蠢动,9804
蠹国害民,9536
血本,9934
血色,10355
血虚,8837
行之有效,8505
行囊,9703
行李,9703
行程,8538
行装,9703
行踪,10024
行驶,10026
街头,8548
衡量,10251
衣服,10115
衣着,10115
衣衫褴褛,9782
衣锦还乡,10302
衣饰,10286
补偿,8839
补充,8839
表演,8514
表露,10028
衷曲,8705
衷肠,8705
袅袅婷婷,8699
袖珍,9943
裁人,9228
裁员,9228
裁汰,9736
西崽,8881
西洋,9289
要冲,9982
要功,8843
覆盆之冤,8555
见仁见智,9013
见德思齐,9873
角色,9448
角落,8801
解剖,10230
触景生情,8922
言不尽意,9560
誊写,9773
誊录,9773
誓不两立,9180
警语,8688
订立,9956
讨伐,9792
讨债,9471
讨情,8560
让渡,8902
记取,10239
记号,10125
讲堂,9764
讲话,9868
讹夺,10299
设宴,8744
设身处地,10242
访拿,10210
评脉,8629
评语,9335
诉说,8549
诗人,9468
诨名,8692
诬陷,9177
语不投机,8882
语气,9085
语重心长,9560
说情,8560
说明书,8914
诵读,9850
请客,9145
请愿,8672
请求,10152
诸位,9665
诸君,9665
谈天说地,10347
谈心,8666
谈虎色变,9184
谋杀,9578
谋生,9653
谎言,10070
谢绝,10215
谣传,8756
谦和,9576
豁免,9465
豁然大悟,10105
豁然开朗,10105
豆蔻年华,9088
豪门,9441
负薪救火,10283
财富,10370
败类,9256
货仓,9890
货泉,9143
质地,10109
质料,10109
贪污腐化,9619
贪赃枉法,9619
贫血,8837
购买,9137
购置,9137
贵人,9491
费钱,9450
贺年,10008
贻害无穷,10072
赋闲,9389
赌钱,10052
赏罚,9193
赐与,10337
赘瘤,9125
赛跑,8501
赛马,9173
赞叹不已,9510
赤地千里,9782
赤子,9601
赤膊上阵,8991
赤色,10355
赫然,10365
起风,9554
趁便,8567
趁早,9109
趋势,9717
趋炎附势,8862
趣味,8981
趸批,8634
跃然纸上,8570
跋山涉水,8737
跌倒,9249
跟随,9074
路子,8540
路过,9374
跳舞,9663
践约,8865
踉跄,8806
踩缉,10210
蹊径,8540
身临其境,10242
身后,9740
身强力壮,9316
躬行,8757
转眼之间,9161
转让,8902
转身,10296
轮回,8718
轮流,10178
轮船,9553
轻描淡写,9898
轻狂,9446
轻而易举,9273
轻薄,9446
轻装上阵,8991
输赢,8844
辗转反侧,9715
辞书,9461
辞让,10215
辩白,9342
边境,9976
边疆,9976
边缘,10201
边陲,9976
过后,9501
过火,8653
过眼烟云,8536
过街老鼠,9634
迎头赶上,9480
运筹帷幄,8958
运脚,9677
运费,9677
近年,8817
近邻,8855
还乡,9918
这样,9586
这次,9887
进级,8494
远亲不如近邻,10232
远景,8588
远近,8556
违禁,9258
违约,9107
迟早,9201
迟疑不决,9251
迫令,8933
迷途知返,10105
追悔莫及,8580
追捕,9992
追讨,10338
追赶,9074
追随,9074
退化,9398
适口,9009
适才,9981
适用,9624
逃亡,8569
逃逸,10362
逆来顺受,8878
选举,9968
逊位,8627
透明,9372
透风,9087
逐一,8608
逐日,8665
速率,8698
造次,8519
遁迹,8569
道教,9068
遗留,9477
遥遥无期,9787
遥遥领先,8498
遴派,9044
避世绝俗,9444
避祸,9297
避难,8569
避难就易,8928
邀功,8843
那儿,10238
那边,10238
邦本,9639
邦畿,9976
邪念,10056
邪途,8905
邪魔,10341
邻居,8855
部属,9481
都会,10213
都门,9349
鄙谚,10023
配偶,10050
酒席,9157
酒绿灯红,8572
酷热,9730
采购,9137
释放,10210
重任,9077
重修,10329
金碧辉煌,10309
金莲,8551
鉴戒,10083
钞写,9773
铁蒺藜,8728
铭刻,9200
铭心镂骨,10275
铭记,9200
锻造,9353
长夜,9261
长幼,9779
长者,10175
门客,9414
门徒,9721
门生,9209
门路,8540
闪动,10245
闭门不出,9393
问候,9576
闲谈,9519
闷葫芦,9848
闹事,9886
闺阁,9028
闻一知十,8786
闻所未闻,10095
阉人,8730
阛阓,8576
队伍,9707
队列,9707
防微杜渐,9619
防患未然,9619
防线,9091
阳伞,9515
阴差阳错,9326
阴影,9649
阴郁,9170
阴错阳差,9326
阴间,8959
阴霾,9170
阵线,8888
阿谁,10101
陋规,10045
降生,10172
限期,10123
除外,10330
除夜,8800
除旧布新,9917
除暴安良,8992
险峻,10264
陶然,10357
隆冬,10295
随从,9074
随同,9074
随声附和,9020
随处,10107
随着,9951
随笔,10326
隐迹,8569
隔世之感,9338
隔壁,8855
隧道,8802
隶属,10127
难听,8809
难舍难分,9543
难道,10247
雄心勃勃,9112
雄心壮志,9112
雨遮,9515
雨露之恩,9827
需要,10047
露天,9054
青天白日,10275
青春,8539
青红皂白,10275
青翠,8598
青蛙,9470
青鸟使,9340
靠山,9937
面前,10214
面试,8733
革故鼎新,9917
韬光养晦,9393
音信,10206
音讯,10206
音调,8525
音问,10206
顶点,10323
顺路,9861
须要,10047
顾客,9235
顾左右而言他,10352
顿脚,8681
预兆,9622
预知,8607
领地,9976
题名,8683
题目,10065
颠仆,9249
风云人物,9191
风云变幻,8745
风云突变,8745
风俗人情,9903
风尚,9250
风帆,8562
风气,9250
风波,9978
风浪,9978
风餐露宿,8737
飒爽英姿,9793
飘泊,8569
飞奔,9946
飞翔,10155
飞舞,10155
飞跃,8948
飞驰,9946
饥荒,8853
饭店,8841
饭铺,8841
饱经沧桑,9369
首当其冲,8498
首恶,10366
首相,9899
马放南山,9076
驻防,8664
骄奢淫逸,8572
骄阳,9803
骤然,10365
骨干,8887
骨血,8603
骸骨,8791
高山,9742
高抬贵手,8546
高朋满座,10071
高枕而卧,10331
高歌,9095
高眼,9216
高着儿,8866
高等,9061
鬼摸脑壳,8979
鬼门关,10303
魂魄,9955
魔鬼,10341
鲜味,9009
鸡毛蒜皮,9560
鹄立,8994
麻痹大意,10331
黄昏,10279
黎民,10334
黑暗,9170
黑白分明,10275
默默无闻,9821
黝黑,9170
黯澹,9170
鼎盛,8871
鼓掌,8518
齐齐整整,8570
